sample,tray_num,block_num,desert,fire_name,fire_year,TSF,TSF2,burn,plot_num,fullplot_name,line,location,overstory,unique_ID,date_coll
95,12,4,CH,JCB,1,15,15F,burned,1,CH-JCB-01-1,1,10,I,CH-JCB-01-1-1-10-I,2018-10-20
220,28,3,CH,JCB,1,15,15F,burned,1,CH-JCB-01-1,1,10,S,CH-JCB-01-1-1-10-S,2018-10-20
342,43,1,CH,JCB,1,15,15F,burned,1,CH-JCB-01-1,1,20,I,CH-JCB-01-1-1-20-I,2018-10-20
12,2,1,CH,JCB,1,15,15F,burned,1,CH-JCB-01-1,1,20,S,CH-JCB-01-1-1-20-S,2018-10-20
444,56,6,CH,JCB,1,15,15F,burned,1,CH-JCB-01-1,2,10,I,CH-JCB-01-1-2-10-I,2018-10-20
282,36,4,CH,JCB,1,15,15F,burned,1,CH-JCB-01-1,2,10,S,CH-JCB-01-1-2-10-S,2018-10-20
143,18,2,CH,JCB,1,15,15F,burned,1,CH-JCB-01-1,2,20,I,CH-JCB-01-1-2-20-I,2018-10-20
259,33,4,CH,JCB,1,15,15F,burned,1,CH-JCB-01-1,2,20,S,CH-JCB-01-1-2-20-S,2018-10-20
458,58,6,CH,JCB,1,15,15F,burned,1,CH-JCB-01-1,3,10,I,CH-JCB-01-1-3-10-I,2018-10-20
410,52,5,CH,JCB,1,15,15F,burned,1,CH-JCB-01-1,3,10,S,CH-JCB-01-1-3-10-S,2018-10-20
184,23,1,CH,JCB,1,15,15F,burned,1,CH-JCB-01-1,3,20,I,CH-JCB-01-1-3-20-I,2018-10-20
534,67,6,CH,JCB,1,15,15F,burned,1,CH-JCB-01-1,3,20,S,CH-JCB-01-1-3-20-S,2018-10-20
450,57,6,CH,JCB,1,15,15F,burned,2,CH-JCB-01-2,1,10,I,CH-JCB-01-2-1-10-I,2018-10-19
46,6,3,CH,JCB,1,15,15F,burned,2,CH-JCB-01-2,1,10,S,CH-JCB-01-2-1-10-S,2018-10-19
58,8,3,CH,JCB,1,15,15F,burned,2,CH-JCB-01-2,1,20,I,CH-JCB-01-2-1-20-I,2018-10-19
198,25,2,CH,JCB,1,15,15F,burned,2,CH-JCB-01-2,1,20,S,CH-JCB-01-2-1-20-S,2018-10-19
514,65,5,CH,JCB,1,15,15F,burned,2,CH-JCB-01-2,2,10,I,CH-JCB-01-2-2-10-I,2018-10-19
508,64,5,CH,JCB,1,15,15F,burned,2,CH-JCB-01-2,2,10,S,CH-JCB-01-2-2-10-S,2018-10-19
283,36,4,CH,JCB,1,15,15F,burned,2,CH-JCB-01-2,2,20,I,CH-JCB-01-2-2-20-I,2018-10-19
386,49,5,CH,JCB,1,15,15F,burned,2,CH-JCB-01-2,2,20,S,CH-JCB-01-2-2-20-S,2018-10-19
78,10,4,CH,JCB,1,15,15F,burned,2,CH-JCB-01-2,3,10,I,CH-JCB-01-2-3-10-I,2018-10-19
326,41,2,CH,JCB,1,15,15F,burned,2,CH-JCB-01-2,3,10,S,CH-JCB-01-2-3-10-S,2018-10-19
108,14,4,CH,JCB,1,15,15F,burned,2,CH-JCB-01-2,3,20,I,CH-JCB-01-2-3-20-I,2018-10-19
257,33,4,CH,JCB,1,15,15F,burned,2,CH-JCB-01-2,3,20,S,CH-JCB-01-2-3-20-S,2018-10-19
531,67,6,CH,JCB,1,15,15F,burned,3,CH-JCB-01-3,1,10,I,CH-JCB-01-3-1-10-I,2018-10-20
25,4,2,CH,JCB,1,15,15F,burned,3,CH-JCB-01-3,1,10,S,CH-JCB-01-3-1-10-S,2018-10-20
65,9,4,CH,JCB,1,15,15F,burned,3,CH-JCB-01-3,1,20,I,CH-JCB-01-3-1-20-I,2018-10-20
385,49,5,CH,JCB,1,15,15F,burned,3,CH-JCB-01-3,1,20,S,CH-JCB-01-3-1-20-S,2018-10-20
232,29,3,CH,JCB,1,15,15F,burned,3,CH-JCB-01-3,2,10,I,CH-JCB-01-3-2-10-I,2018-10-20
175,22,1,CH,JCB,1,15,15F,burned,3,CH-JCB-01-3,2,10,S,CH-JCB-01-3-2-10-S,2018-10-20
50,7,3,CH,JCB,1,15,15F,burned,3,CH-JCB-01-3,2,20,I,CH-JCB-01-3-2-20-I,2018-10-20
136,17,3,CH,JCB,1,15,15F,burned,3,CH-JCB-01-3,2,20,S,CH-JCB-01-3-2-20-S,2018-10-20
180,23,1,CH,JCB,1,15,15F,burned,3,CH-JCB-01-3,3,10,I,CH-JCB-01-3-3-10-I,2018-10-20
54,7,3,CH,JCB,1,15,15F,burned,3,CH-JCB-01-3,3,10,S,CH-JCB-01-3-3-10-S,2018-10-20
371,47,6,CH,JCB,1,15,15F,burned,3,CH-JCB-01-3,3,20,I,CH-JCB-01-3-3-20-I,2018-10-20
412,52,5,CH,JCB,1,15,15F,burned,3,CH-JCB-01-3,3,20,S,CH-JCB-01-3-3-20-S,2018-10-20
432,54,6,CH,JCB,CON,control,15C,control,4,CH-JCB-CON-1,1,10,I,CH-JCB-CON-1-1-10-I,2018-10-21
122,16,3,CH,JCB,CON,control,15C,control,4,CH-JCB-CON-1,1,10,S,CH-JCB-CON-1-1-10-S,2018-10-21
406,51,5,CH,JCB,CON,control,15C,control,4,CH-JCB-CON-1,1,20,I,CH-JCB-CON-1-1-20-I,2018-10-21
367,46,6,CH,JCB,CON,control,15C,control,4,CH-JCB-CON-1,1,20,S,CH-JCB-CON-1-1-20-S,2018-10-21
363,46,6,CH,JCB,CON,control,15C,control,4,CH-JCB-CON-1,2,10,I,CH-JCB-CON-1-2-10-I,2018-10-21
314,40,2,CH,JCB,CON,control,15C,control,4,CH-JCB-CON-1,2,10,S,CH-JCB-CON-1-2-10-S,2018-10-21
68,9,4,CH,JCB,CON,control,15C,control,4,CH-JCB-CON-1,2,20,I,CH-JCB-CON-1-2-20-I,2018-10-21
123,16,3,CH,JCB,CON,control,15C,control,4,CH-JCB-CON-1,2,20,S,CH-JCB-CON-1-2-20-S,2018-10-21
253,32,4,CH,JCB,CON,control,15C,control,4,CH-JCB-CON-1,3,10,I,CH-JCB-CON-1-3-10-I,2018-10-21
159,20,2,CH,JCB,CON,control,15C,control,4,CH-JCB-CON-1,3,10,S,CH-JCB-CON-1-3-10-S,2018-10-21
288,36,4,CH,JCB,CON,control,15C,control,4,CH-JCB-CON-1,3,20,I,CH-JCB-CON-1-3-20-I,2018-10-21
503,63,5,CH,JCB,CON,control,15C,control,4,CH-JCB-CON-1,3,20,S,CH-JCB-CON-1-3-20-S,2018-10-21
228,29,3,CH,JCB,CON,control,15C,control,5,CH-JCB-CON-2,1,10,I,CH-JCB-CON-2-1-10-I,2018-10-21
471,59,6,CH,JCB,CON,control,15C,control,5,CH-JCB-CON-2,1,10,S,CH-JCB-CON-2-1-10-S,2018-10-21
411,52,5,CH,JCB,CON,control,15C,control,5,CH-JCB-CON-2,1,20,I,CH-JCB-CON-2-1-20-I,2018-10-21
382,48,5,CH,JCB,CON,control,15C,control,5,CH-JCB-CON-2,1,20,S,CH-JCB-CON-2-1-20-S,2018-10-21
72,9,4,CH,JCB,CON,control,15C,control,5,CH-JCB-CON-2,2,10,I,CH-JCB-CON-2-2-10-I,2018-10-21
148,19,2,CH,JCB,CON,control,15C,control,5,CH-JCB-CON-2,2,10,S,CH-JCB-CON-2-2-10-S,2018-10-21
20,3,2,CH,JCB,CON,control,15C,control,5,CH-JCB-CON-2,2,20,I,CH-JCB-CON-2-2-20-I,2018-10-21
39,5,2,CH,JCB,CON,control,15C,control,5,CH-JCB-CON-2,2,20,S,CH-JCB-CON-2-2-20-S,2018-10-21
18,3,2,CH,JCB,CON,control,15C,control,5,CH-JCB-CON-2,3,10,I,CH-JCB-CON-2-3-10-I,2018-10-21
14,2,1,CH,JCB,CON,control,15C,control,5,CH-JCB-CON-2,3,10,S,CH-JCB-CON-2-3-10-S,2018-10-21
309,39,3,CH,JCB,CON,control,15C,control,5,CH-JCB-CON-2,3,20,I,CH-JCB-CON-2-3-20-I,2018-10-21
368,46,6,CH,JCB,CON,control,15C,control,5,CH-JCB-CON-2,3,20,S,CH-JCB-CON-2-3-20-S,2018-10-21
307,39,3,CH,JCB,CON,control,15C,control,6,CH-JCB-CON-3,1,10,I,CH-JCB-CON-3-1-10-I,2018-10-21
171,22,1,CH,JCB,CON,control,15C,control,6,CH-JCB-CON-3,1,10,S,CH-JCB-CON-3-1-10-S,2018-10-21
424,53,5,CH,JCB,CON,control,15C,control,6,CH-JCB-CON-3,1,20,I,CH-JCB-CON-3-1-20-I,2018-10-21
3,1,1,CH,JCB,CON,control,15C,control,6,CH-JCB-CON-3,1,20,S,CH-JCB-CON-3-1-20-S,2018-10-21
140,18,2,CH,JCB,CON,control,15C,control,6,CH-JCB-CON-3,2,10,I,CH-JCB-CON-3-2-10-I,2018-10-21
393,50,5,CH,JCB,CON,control,15C,control,6,CH-JCB-CON-3,2,10,S,CH-JCB-CON-3-2-10-S,2018-10-21
137,18,2,CH,JCB,CON,control,15C,control,6,CH-JCB-CON-3,2,20,I,CH-JCB-CON-3-2-20-I,2018-10-21
214,27,2,CH,JCB,CON,control,15C,control,6,CH-JCB-CON-3,2,20,S,CH-JCB-CON-3-2-20-S,2018-10-21
532,67,6,CH,JCB,CON,control,15C,control,6,CH-JCB-CON-3,3,10,I,CH-JCB-CON-3-3-10-I,2018-10-21
84,11,4,CH,JCB,CON,control,15C,control,6,CH-JCB-CON-3,3,10,S,CH-JCB-CON-3-3-10-S,2018-10-21
319,40,2,CH,JCB,CON,control,15C,control,6,CH-JCB-CON-3,3,20,I,CH-JCB-CON-3-3-20-I,2018-10-21
59,8,3,CH,JCB,CON,control,15C,control,6,CH-JCB-CON-3,3,20,S,CH-JCB-CON-3-3-20-S,2018-10-21
120,15,3,CH,KNT,89,30,30F,burned,7,CH-KNT-89-1,1,10,I,CH-KNT-89-1-1-10-I,2018-10-22
230,29,3,CH,KNT,89,30,30F,burned,7,CH-KNT-89-1,1,10,S,CH-KNT-89-1-1-10-S,2018-10-22
435,55,6,CH,KNT,89,30,30F,burned,7,CH-KNT-89-1,1,20,I,CH-KNT-89-1-1-20-I,2018-10-22
460,58,6,CH,KNT,89,30,30F,burned,7,CH-KNT-89-1,1,20,S,CH-KNT-89-1-1-20-S,2018-10-22
343,43,1,CH,KNT,89,30,30F,burned,7,CH-KNT-89-1,2,10,I,CH-KNT-89-1-2-10-I,2018-10-22
155,20,2,CH,KNT,89,30,30F,burned,7,CH-KNT-89-1,2,10,S,CH-KNT-89-1-2-10-S,2018-10-22
487,61,5,CH,KNT,89,30,30F,burned,7,CH-KNT-89-1,2,20,I,CH-KNT-89-1-2-20-I,2018-10-22
36,5,2,CH,KNT,89,30,30F,burned,7,CH-KNT-89-1,2,20,S,CH-KNT-89-1-2-20-S,2018-10-22
276,35,4,CH,KNT,89,30,30F,burned,7,CH-KNT-89-1,3,10,I,CH-KNT-89-1-3-10-I,2018-10-22
374,47,6,CH,KNT,89,30,30F,burned,7,CH-KNT-89-1,3,10,S,CH-KNT-89-1-3-10-S,2018-10-22
510,64,5,CH,KNT,89,30,30F,burned,7,CH-KNT-89-1,3,20,I,CH-KNT-89-1-3-20-I,2018-10-22
520,65,5,CH,KNT,89,30,30F,burned,7,CH-KNT-89-1,3,20,S,CH-KNT-89-1-3-20-S,2018-10-22
153,20,2,CH,KNT,89,30,30F,burned,8,CH-KNT-89-2,1,10,I,CH-KNT-89-2-1-10-I,2018-10-22
66,9,4,CH,KNT,89,30,30F,burned,8,CH-KNT-89-2,1,10,S,CH-KNT-89-2-1-10-S,2018-10-22
517,65,5,CH,KNT,89,30,30F,burned,8,CH-KNT-89-2,1,20,I,CH-KNT-89-2-1-20-I,2018-10-22
341,43,1,CH,KNT,89,30,30F,burned,8,CH-KNT-89-2,1,20,S,CH-KNT-89-2-1-20-S,2018-10-22
133,17,3,CH,KNT,89,30,30F,burned,8,CH-KNT-89-2,2,10,I,CH-KNT-89-2-2-10-I,2018-10-22
490,62,5,CH,KNT,89,30,30F,burned,8,CH-KNT-89-2,2,10,S,CH-KNT-89-2-2-10-S,2018-10-22
403,51,5,CH,KNT,89,30,30F,burned,8,CH-KNT-89-2,2,20,I,CH-KNT-89-2-2-20-I,2018-10-22
90,12,4,CH,KNT,89,30,30F,burned,8,CH-KNT-89-2,2,20,S,CH-KNT-89-2-2-20-S,2018-10-22
227,29,3,CH,KNT,89,30,30F,burned,8,CH-KNT-89-2,3,10,I,CH-KNT-89-2-3-10-I,2018-10-22
45,6,3,CH,KNT,89,30,30F,burned,8,CH-KNT-89-2,3,10,S,CH-KNT-89-2-3-10-S,2018-10-22
13,2,1,CH,KNT,89,30,30F,burned,8,CH-KNT-89-2,3,20,I,CH-KNT-89-2-3-20-I,2018-10-22
423,53,5,CH,KNT,89,30,30F,burned,8,CH-KNT-89-2,3,20,S,CH-KNT-89-2-3-20-S,2018-10-22
280,35,4,CH,KNT,89,30,30F,burned,9,CH-KNT-89-3,1,10,I,CH-KNT-89-3-1-10-I,2018-10-22
404,51,5,CH,KNT,89,30,30F,burned,9,CH-KNT-89-3,1,10,S,CH-KNT-89-3-1-10-S,2018-10-22
216,27,2,CH,KNT,89,30,30F,burned,9,CH-KNT-89-3,1,20,I,CH-KNT-89-3-1-20-I,2018-10-22
337,43,1,CH,KNT,89,30,30F,burned,9,CH-KNT-89-3,1,20,S,CH-KNT-89-3-1-20-S,2018-10-22
417,53,5,CH,KNT,89,30,30F,burned,9,CH-KNT-89-3,2,10,I,CH-KNT-89-3-2-10-I,2018-10-22
469,59,6,CH,KNT,89,30,30F,burned,9,CH-KNT-89-3,2,10,S,CH-KNT-89-3-2-10-S,2018-10-22
178,23,1,CH,KNT,89,30,30F,burned,9,CH-KNT-89-3,2,20,I,CH-KNT-89-3-2-20-I,2018-10-22
418,53,5,CH,KNT,89,30,30F,burned,9,CH-KNT-89-3,2,20,S,CH-KNT-89-3-2-20-S,2018-10-22
203,26,2,CH,KNT,89,30,30F,burned,9,CH-KNT-89-3,3,10,I,CH-KNT-89-3-3-10-I,2018-10-22
327,41,2,CH,KNT,89,30,30F,burned,9,CH-KNT-89-3,3,10,S,CH-KNT-89-3-3-10-S,2018-10-22
94,12,4,CH,KNT,89,30,30F,burned,9,CH-KNT-89-3,3,20,I,CH-KNT-89-3-3-20-I,2018-10-22
183,23,1,CH,KNT,89,30,30F,burned,9,CH-KNT-89-3,3,20,S,CH-KNT-89-3-3-20-S,2018-10-22
267,34,4,CH,KNT,CON,control,30C,control,10,CH-KNT-CON-1,1,10,I,CH-KNT-CON-1-1-10-I,2018-10-24
482,61,5,CH,KNT,CON,control,30C,control,10,CH-KNT-CON-1,1,10,S,CH-KNT-CON-1-1-10-S,2018-10-24
525,66,6,CH,KNT,CON,control,30C,control,10,CH-KNT-CON-1,1,20,I,CH-KNT-CON-1-1-20-I,2018-10-24
237,30,3,CH,KNT,CON,control,30C,control,10,CH-KNT-CON-1,1,20,S,CH-KNT-CON-1-1-20-S,2018-10-24
266,34,4,CH,KNT,CON,control,30C,control,10,CH-KNT-CON-1,2,10,I,CH-KNT-CON-1-2-10-I,2018-10-24
38,5,2,CH,KNT,CON,control,30C,control,10,CH-KNT-CON-1,2,10,S,CH-KNT-CON-1-2-10-S,2018-10-24
426,54,6,CH,KNT,CON,control,30C,control,10,CH-KNT-CON-1,2,20,I,CH-KNT-CON-1-2-20-I,2018-10-24
538,68,6,CH,KNT,CON,control,30C,control,10,CH-KNT-CON-1,2,20,S,CH-KNT-CON-1-2-20-S,2018-10-24
177,23,1,CH,KNT,CON,control,30C,control,10,CH-KNT-CON-1,3,10,I,CH-KNT-CON-1-3-10-I,2018-10-24
347,44,1,CH,KNT,CON,control,30C,control,10,CH-KNT-CON-1,3,10,S,CH-KNT-CON-1-3-10-S,2018-10-24
99,13,4,CH,KNT,CON,control,30C,control,10,CH-KNT-CON-1,3,20,I,CH-KNT-CON-1-3-20-I,2018-10-24
330,42,2,CH,KNT,CON,control,30C,control,10,CH-KNT-CON-1,3,20,S,CH-KNT-CON-1-3-20-S,2018-10-24
376,47,6,CH,KNT,CON,control,30C,control,11,CH-KNT-CON-2,1,10,I,CH-KNT-CON-2-1-10-I,2018-10-24
277,35,4,CH,KNT,CON,control,30C,control,11,CH-KNT-CON-2,1,10,S,CH-KNT-CON-2-1-10-S,2018-10-24
304,38,3,CH,KNT,CON,control,30C,control,11,CH-KNT-CON-2,1,20,I,CH-KNT-CON-2-1-20-I,2018-10-24
501,63,5,CH,KNT,CON,control,30C,control,11,CH-KNT-CON-2,1,20,S,CH-KNT-CON-2-1-20-S,2018-10-24
222,28,3,CH,KNT,CON,control,30C,control,11,CH-KNT-CON-2,2,10,I,CH-KNT-CON-2-2-10-I,2018-10-24
83,11,4,CH,KNT,CON,control,30C,control,11,CH-KNT-CON-2,2,10,S,CH-KNT-CON-2-2-10-S,2018-10-24
529,67,6,CH,KNT,CON,control,30C,control,11,CH-KNT-CON-2,2,20,I,CH-KNT-CON-2-2-20-I,2018-10-24
478,60,5,CH,KNT,CON,control,30C,control,11,CH-KNT-CON-2,2,20,S,CH-KNT-CON-2-2-20-S,2018-10-24
518,65,5,CH,KNT,CON,control,30C,control,11,CH-KNT-CON-2,3,10,I,CH-KNT-CON-2-3-10-I,2018-10-24
331,42,2,CH,KNT,CON,control,30C,control,11,CH-KNT-CON-2,3,10,S,CH-KNT-CON-2-3-10-S,2018-10-24
336,42,2,CH,KNT,CON,control,30C,control,11,CH-KNT-CON-2,3,20,I,CH-KNT-CON-2-3-20-I,2018-10-24
126,16,3,CH,KNT,CON,control,30C,control,11,CH-KNT-CON-2,3,20,S,CH-KNT-CON-2-3-20-S,2018-10-24
504,63,5,CH,KNT,CON,control,30C,control,12,CH-KNT-CON-3,1,10,I,CH-KNT-CON-3-1-10-I,2018-10-24
446,56,6,CH,KNT,CON,control,30C,control,12,CH-KNT-CON-3,1,10,S,CH-KNT-CON-3-1-10-S,2018-10-24
265,34,4,CH,KNT,CON,control,30C,control,12,CH-KNT-CON-3,1,20,I,CH-KNT-CON-3-1-20-I,2018-10-24
157,20,2,CH,KNT,CON,control,30C,control,12,CH-KNT-CON-3,1,20,S,CH-KNT-CON-3-1-20-S,2018-10-24
291,37,3,CH,KNT,CON,control,30C,control,12,CH-KNT-CON-3,2,10,I,CH-KNT-CON-3-2-10-I,2018-10-24
536,67,6,CH,KNT,CON,control,30C,control,12,CH-KNT-CON-3,2,10,S,CH-KNT-CON-3-2-10-S,2018-10-24
436,55,6,CH,KNT,CON,control,30C,control,12,CH-KNT-CON-3,2,20,I,CH-KNT-CON-3-2-20-I,2018-10-24
4,1,1,CH,KNT,CON,control,30C,control,12,CH-KNT-CON-3,2,20,S,CH-KNT-CON-3-2-20-S,2018-10-24
292,37,3,CH,KNT,CON,control,30C,control,12,CH-KNT-CON-3,3,10,I,CH-KNT-CON-3-3-10-I,2018-10-24
448,56,6,CH,KNT,CON,control,30C,control,12,CH-KNT-CON-3,3,10,S,CH-KNT-CON-3-3-10-S,2018-10-24
239,30,3,CH,KNT,CON,control,30C,control,12,CH-KNT-CON-3,3,20,I,CH-KNT-CON-3-3-20-I,2018-10-24
255,32,4,CH,KNT,CON,control,30C,control,12,CH-KNT-CON-3,3,20,S,CH-KNT-CON-3-3-20-S,2018-10-24
250,32,4,GB,OW,1,15,15F,burned,13,GB-OW-01-1,1,10,I,GB-OW-01-1-1-10-I,2018-06-26
146,19,2,GB,OW,1,15,15F,burned,13,GB-OW-01-1,1,10,S,GB-OW-01-1-1-10-S,2018-06-26
530,67,6,GB,OW,1,15,15F,burned,13,GB-OW-01-1,1,20,I,GB-OW-01-1-1-20-I,2018-06-26
263,33,4,GB,OW,1,15,15F,burned,13,GB-OW-01-1,1,20,S,GB-OW-01-1-1-20-S,2018-06-26
466,59,6,GB,OW,1,15,15F,burned,13,GB-OW-01-1,2,10,I,GB-OW-01-1-2-10-I,2018-06-26
168,21,1,GB,OW,1,15,15F,burned,13,GB-OW-01-1,2,10,S,GB-OW-01-1-2-10-S,2018-06-26
364,46,6,GB,OW,1,15,15F,burned,13,GB-OW-01-1,2,20,I,GB-OW-01-1-2-20-I,2018-06-26
395,50,5,GB,OW,1,15,15F,burned,13,GB-OW-01-1,2,20,S,GB-OW-01-1-2-20-S,2018-06-26
474,60,5,GB,OW,1,15,15F,burned,13,GB-OW-01-1,3,10,I,GB-OW-01-1-3-10-I,2018-06-26
132,17,3,GB,OW,1,15,15F,burned,13,GB-OW-01-1,3,10,S,GB-OW-01-1-3-10-S,2018-06-26
235,30,3,GB,OW,1,15,15F,burned,13,GB-OW-01-1,3,20,I,GB-OW-01-1-3-20-I,2018-06-26
322,41,2,GB,OW,1,15,15F,burned,13,GB-OW-01-1,3,20,S,GB-OW-01-1-3-20-S,2018-06-26
539,68,6,GB,OW,1,15,15F,burned,14,GB-OW-01-2,1,10,I,GB-OW-01-2-1-10-I,2018-06-26
258,33,4,GB,OW,1,15,15F,burned,14,GB-OW-01-2,1,10,S,GB-OW-01-2-1-10-S,2018-06-26
215,27,2,GB,OW,1,15,15F,burned,14,GB-OW-01-2,1,20,I,GB-OW-01-2-1-20-I,2018-06-26
131,17,3,GB,OW,1,15,15F,burned,14,GB-OW-01-2,1,20,S,GB-OW-01-2-1-20-S,2018-06-26
427,54,6,GB,OW,1,15,15F,burned,14,GB-OW-01-2,2,10,I,GB-OW-01-2-2-10-I,2018-06-26
8,1,1,GB,OW,1,15,15F,burned,14,GB-OW-01-2,2,10,S,GB-OW-01-2-2-10-S,2018-06-26
387,49,5,GB,OW,1,15,15F,burned,14,GB-OW-01-2,2,20,I,GB-OW-01-2-2-20-I,2018-06-26
161,21,1,GB,OW,1,15,15F,burned,14,GB-OW-01-2,2,20,S,GB-OW-01-2-2-20-S,2018-06-26
485,61,5,GB,OW,1,15,15F,burned,14,GB-OW-01-2,3,10,I,GB-OW-01-2-3-10-I,2018-06-26
344,43,1,GB,OW,1,15,15F,burned,14,GB-OW-01-2,3,10,S,GB-OW-01-2-3-10-S,2018-06-26
172,22,1,GB,OW,1,15,15F,burned,14,GB-OW-01-2,3,20,I,GB-OW-01-2-3-20-I,2018-06-26
328,41,2,GB,OW,1,15,15F,burned,14,GB-OW-01-2,3,20,S,GB-OW-01-2-3-20-S,2018-06-26
289,37,3,GB,OW,1,15,15F,burned,15,GB-OW-01-3,1,10,I,GB-OW-01-3-1-10-I,2018-06-26
422,53,5,GB,OW,1,15,15F,burned,15,GB-OW-01-3,1,10,S,GB-OW-01-3-1-10-S,2018-06-26
332,42,2,GB,OW,1,15,15F,burned,15,GB-OW-01-3,1,20,I,GB-OW-01-3-1-20-I,2018-06-26
440,55,6,GB,OW,1,15,15F,burned,15,GB-OW-01-3,1,20,S,GB-OW-01-3-1-20-S,2018-06-26
47,6,3,GB,OW,1,15,15F,burned,15,GB-OW-01-3,2,10,I,GB-OW-01-3-2-10-I,2018-06-26
91,12,4,GB,OW,1,15,15F,burned,15,GB-OW-01-3,2,10,S,GB-OW-01-3-2-10-S,2018-06-26
398,50,5,GB,OW,1,15,15F,burned,15,GB-OW-01-3,2,20,I,GB-OW-01-3-2-20-I,2018-06-26
197,25,2,GB,OW,1,15,15F,burned,15,GB-OW-01-3,2,20,S,GB-OW-01-3-2-20-S,2018-06-26
189,24,1,GB,OW,1,15,15F,burned,15,GB-OW-01-3,3,10,I,GB-OW-01-3-3-10-I,2018-06-26
526,66,6,GB,OW,1,15,15F,burned,15,GB-OW-01-3,3,10,S,GB-OW-01-3-3-10-S,2018-06-26
1,1,1,GB,OW,1,15,15F,burned,15,GB-OW-01-3,3,20,I,GB-OW-01-3-3-20-I,2018-06-26
149,19,2,GB,OW,1,15,15F,burned,15,GB-OW-01-3,3,20,S,GB-OW-01-3-3-20-S,2018-06-26
234,30,3,GB,OW,CON,control,15C,control,16,GB-OW-CON-1,1,10,I,GB-OW-CON-1-1-10-I,2018-06-26
147,19,2,GB,OW,CON,control,15C,control,16,GB-OW-CON-1,1,10,S,GB-OW-CON-1-1-10-S,2018-06-26
111,14,4,GB,OW,CON,control,15C,control,16,GB-OW-CON-1,1,20,I,GB-OW-CON-1-1-20-I,2018-06-26
158,20,2,GB,OW,CON,control,15C,control,16,GB-OW-CON-1,1,20,S,GB-OW-CON-1-1-20-S,2018-06-26
384,48,5,GB,OW,CON,control,15C,control,16,GB-OW-CON-1,2,10,I,GB-OW-CON-1-2-10-I,2018-06-26
109,14,4,GB,OW,CON,control,15C,control,16,GB-OW-CON-1,2,10,S,GB-OW-CON-1-2-10-S,2018-06-26
479,60,5,GB,OW,CON,control,15C,control,16,GB-OW-CON-1,2,20,I,GB-OW-CON-1-2-20-I,2018-06-26
355,45,6,GB,OW,CON,control,15C,control,16,GB-OW-CON-1,2,20,S,GB-OW-CON-1-2-20-S,2018-06-26
160,20,2,GB,OW,CON,control,15C,control,16,GB-OW-CON-1,3,10,I,GB-OW-CON-1-3-10-I,2018-06-26
338,43,1,GB,OW,CON,control,15C,control,16,GB-OW-CON-1,3,10,S,GB-OW-CON-1-3-10-S,2018-06-26
199,25,2,GB,OW,CON,control,15C,control,16,GB-OW-CON-1,3,20,I,GB-OW-CON-1-3-20-I,2018-06-26
166,21,1,GB,OW,CON,control,15C,control,16,GB-OW-CON-1,3,20,S,GB-OW-CON-1-3-20-S,2018-06-26
82,11,4,GB,OW,CON,control,15C,control,17,GB-OW-CON-2,1,10,I,GB-OW-CON-2-1-10-I,2018-06-25
73,10,4,GB,OW,CON,control,15C,control,17,GB-OW-CON-2,1,10,S,GB-OW-CON-2-1-10-S,2018-06-25
252,32,4,GB,OW,CON,control,15C,control,17,GB-OW-CON-2,1,20,I,GB-OW-CON-2-1-20-I,2018-06-25
124,16,3,GB,OW,CON,control,15C,control,17,GB-OW-CON-2,1,20,S,GB-OW-CON-2-1-20-S,2018-06-25
41,6,3,GB,OW,CON,control,15C,control,17,GB-OW-CON-2,2,10,I,GB-OW-CON-2-2-10-I,2018-06-25
49,7,3,GB,OW,CON,control,15C,control,17,GB-OW-CON-2,2,10,S,GB-OW-CON-2-2-10-S,2018-06-25
119,15,3,GB,OW,CON,control,15C,control,17,GB-OW-CON-2,2,20,I,GB-OW-CON-2-2-20-I,2018-06-25
144,18,2,GB,OW,CON,control,15C,control,17,GB-OW-CON-2,2,20,S,GB-OW-CON-2-2-20-S,2018-06-25
415,52,5,GB,OW,CON,control,15C,control,17,GB-OW-CON-2,3,10,I,GB-OW-CON-2-3-10-I,2018-06-25
297,38,3,GB,OW,CON,control,15C,control,17,GB-OW-CON-2,3,10,S,GB-OW-CON-2-3-10-S,2018-06-25
318,40,2,GB,OW,CON,control,15C,control,17,GB-OW-CON-2,3,20,I,GB-OW-CON-2-3-20-I,2018-06-25
494,62,5,GB,OW,CON,control,15C,control,17,GB-OW-CON-2,3,20,S,GB-OW-CON-2-3-20-S,2018-06-25
323,41,2,GB,OW,CON,control,15C,control,18,GB-OW-CON-3,1,10,I,GB-OW-CON-3-1-10-I,2018-06-25
511,64,5,GB,OW,CON,control,15C,control,18,GB-OW-CON-3,1,10,S,GB-OW-CON-3-1-10-S,2018-06-25
445,56,6,GB,OW,CON,control,15C,control,18,GB-OW-CON-3,1,20,I,GB-OW-CON-3-1-20-I,2018-06-25
62,8,3,GB,OW,CON,control,15C,control,18,GB-OW-CON-3,1,20,S,GB-OW-CON-3-1-20-S,2018-06-25
484,61,5,GB,OW,CON,control,15C,control,18,GB-OW-CON-3,2,10,I,GB-OW-CON-3-2-10-I,2018-06-25
192,24,1,GB,OW,CON,control,15C,control,18,GB-OW-CON-3,2,10,S,GB-OW-CON-3-2-10-S,2018-06-25
107,14,4,GB,OW,CON,control,15C,control,18,GB-OW-CON-3,2,20,I,GB-OW-CON-3-2-20-I,2018-06-25
23,3,2,GB,OW,CON,control,15C,control,18,GB-OW-CON-3,2,20,S,GB-OW-CON-3-2-20-S,2018-06-25
293,37,3,GB,OW,CON,control,15C,control,18,GB-OW-CON-3,3,10,I,GB-OW-CON-3-3-10-I,2018-06-25
303,38,3,GB,OW,CON,control,15C,control,18,GB-OW-CON-3,3,10,S,GB-OW-CON-3-3-10-S,2018-06-25
97,13,4,GB,OW,CON,control,15C,control,18,GB-OW-CON-3,3,20,I,GB-OW-CON-3-3-20-I,2018-06-25
154,20,2,GB,OW,CON,control,15C,control,18,GB-OW-CON-3,3,20,S,GB-OW-CON-3-3-20-S,2018-06-25
217,28,3,GB,RAD,84,30,30F,burned,19,GB-RAD-84-1,1,10,I,GB-RAD-84-1-1-10-I,2018-06-23
442,56,6,GB,RAD,84,30,30F,burned,19,GB-RAD-84-1,1,10,S,GB-RAD-84-1-1-10-S,2018-06-23
402,51,5,GB,RAD,84,30,30F,burned,19,GB-RAD-84-1,1,20,I,GB-RAD-84-1-1-20-I,2018-06-23
29,4,2,GB,RAD,84,30,30F,burned,19,GB-RAD-84-1,1,20,S,GB-RAD-84-1-1-20-S,2018-06-23
454,57,6,GB,RAD,84,30,30F,burned,19,GB-RAD-84-1,2,10,I,GB-RAD-84-1-2-10-I,2018-06-23
373,47,6,GB,RAD,84,30,30F,burned,19,GB-RAD-84-1,2,10,S,GB-RAD-84-1-2-10-S,2018-06-23
212,27,2,GB,RAD,84,30,30F,burned,19,GB-RAD-84-1,2,20,I,GB-RAD-84-1-2-20-I,2018-06-23
316,40,2,GB,RAD,84,30,30F,burned,19,GB-RAD-84-1,2,20,S,GB-RAD-84-1-2-20-S,2018-06-23
420,53,5,GB,RAD,84,30,30F,burned,19,GB-RAD-84-1,3,10,I,GB-RAD-84-1-3-10-I,2018-06-23
491,62,5,GB,RAD,84,30,30F,burned,19,GB-RAD-84-1,3,10,S,GB-RAD-84-1-3-10-S,2018-06-23
181,23,1,GB,RAD,84,30,30F,burned,19,GB-RAD-84-1,3,20,I,GB-RAD-84-1-3-20-I,2018-06-23
80,10,4,GB,RAD,84,30,30F,burned,19,GB-RAD-84-1,3,20,S,GB-RAD-84-1-3-20-S,2018-06-23
53,7,3,GB,RAD,84,30,30F,burned,20,GB-RAD-84-2,1,10,I,GB-RAD-84-2-1-10-I,2018-06-23
388,49,5,GB,RAD,84,30,30F,burned,20,GB-RAD-84-2,1,10,S,GB-RAD-84-2-1-10-S,2018-06-23
92,12,4,GB,RAD,84,30,30F,burned,20,GB-RAD-84-2,1,20,I,GB-RAD-84-2-1-20-I,2018-06-23
271,34,4,GB,RAD,84,30,30F,burned,20,GB-RAD-84-2,1,20,S,GB-RAD-84-2-1-20-S,2018-06-23
456,57,6,GB,RAD,84,30,30F,burned,20,GB-RAD-84-2,2,10,I,GB-RAD-84-2-2-10-I,2018-06-23
69,9,4,GB,RAD,84,30,30F,burned,20,GB-RAD-84-2,2,10,S,GB-RAD-84-2-2-10-S,2018-06-23
272,34,4,GB,RAD,84,30,30F,burned,20,GB-RAD-84-2,2,20,I,GB-RAD-84-2-2-20-I,2018-06-23
349,44,1,GB,RAD,84,30,30F,burned,20,GB-RAD-84-2,2,20,S,GB-RAD-84-2-2-20-S,2018-06-23
245,31,4,GB,RAD,84,30,30F,burned,20,GB-RAD-84-2,3,10,I,GB-RAD-84-2-3-10-I,2018-06-23
182,23,1,GB,RAD,84,30,30F,burned,20,GB-RAD-84-2,3,10,S,GB-RAD-84-2-3-10-S,2018-06-23
372,47,6,GB,RAD,84,30,30F,burned,20,GB-RAD-84-2,3,20,I,GB-RAD-84-2-3-20-I,2018-06-23
33,5,2,GB,RAD,84,30,30F,burned,20,GB-RAD-84-2,3,20,S,GB-RAD-84-2-3-20-S,2018-06-23
162,21,1,GB,RAD,84,30,30F,burned,21,GB-RAD-84-3,1,10,I,GB-RAD-84-3-1-10-I,2018-06-27
507,64,5,GB,RAD,84,30,30F,burned,21,GB-RAD-84-3,1,10,S,GB-RAD-84-3-1-10-S,2018-06-27
285,36,4,GB,RAD,84,30,30F,burned,21,GB-RAD-84-3,1,20,I,GB-RAD-84-3-1-20-I,2018-06-27
540,68,6,GB,RAD,84,30,30F,burned,21,GB-RAD-84-3,1,20,S,GB-RAD-84-3-1-20-S,2018-06-27
256,32,4,GB,RAD,84,30,30F,burned,21,GB-RAD-84-3,2,10,I,GB-RAD-84-3-2-10-I,2018-06-27
527,66,6,GB,RAD,84,30,30F,burned,21,GB-RAD-84-3,2,10,S,GB-RAD-84-3-2-10-S,2018-06-27
329,42,2,GB,RAD,84,30,30F,burned,21,GB-RAD-84-3,2,20,I,GB-RAD-84-3-2-20-I,2018-06-27
295,37,3,GB,RAD,84,30,30F,burned,21,GB-RAD-84-3,2,20,S,GB-RAD-84-3-2-20-S,2018-06-27
429,54,6,GB,RAD,84,30,30F,burned,21,GB-RAD-84-3,3,10,I,GB-RAD-84-3-3-10-I,2018-06-27
300,38,3,GB,RAD,84,30,30F,burned,21,GB-RAD-84-3,3,10,S,GB-RAD-84-3-3-10-S,2018-06-27
231,29,3,GB,RAD,84,30,30F,burned,21,GB-RAD-84-3,3,20,I,GB-RAD-84-3-3-20-I,2018-06-27
185,24,1,GB,RAD,84,30,30F,burned,21,GB-RAD-84-3,3,20,S,GB-RAD-84-3-3-20-S,2018-06-27
497,63,5,GB,RAD,CON,control,30C,control,22,GB-RAD-CON-1,1,10,I,GB-RAD-CON-1-1-10-I,2018-06-23
74,10,4,GB,RAD,CON,control,30C,control,22,GB-RAD-CON-1,1,10,S,GB-RAD-CON-1-1-10-S,2018-06-23
104,13,4,GB,RAD,CON,control,30C,control,22,GB-RAD-CON-1,1,20,I,GB-RAD-CON-1-1-20-I,2018-06-23
260,33,4,GB,RAD,CON,control,30C,control,22,GB-RAD-CON-1,1,20,S,GB-RAD-CON-1-1-20-S,2018-06-23
226,29,3,GB,RAD,CON,control,30C,control,22,GB-RAD-CON-1,2,10,I,GB-RAD-CON-1-2-10-I,2018-06-23
142,18,2,GB,RAD,CON,control,30C,control,22,GB-RAD-CON-1,2,10,S,GB-RAD-CON-1-2-10-S,2018-06-23
52,7,3,GB,RAD,CON,control,30C,control,22,GB-RAD-CON-1,2,20,I,GB-RAD-CON-1-2-20-I,2018-06-23
169,22,1,GB,RAD,CON,control,30C,control,22,GB-RAD-CON-1,2,20,S,GB-RAD-CON-1-2-20-S,2018-06-23
360,45,6,GB,RAD,CON,control,30C,control,22,GB-RAD-CON-1,3,10,I,GB-RAD-CON-1-3-10-I,2018-06-23
357,45,6,GB,RAD,CON,control,30C,control,22,GB-RAD-CON-1,3,10,S,GB-RAD-CON-1-3-10-S,2018-06-23
370,47,6,GB,RAD,CON,control,30C,control,22,GB-RAD-CON-1,3,20,I,GB-RAD-CON-1-3-20-I,2018-06-23
499,63,5,GB,RAD,CON,control,30C,control,22,GB-RAD-CON-1,3,20,S,GB-RAD-CON-1-3-20-S,2018-06-23
313,40,2,GB,RAD,CON,control,30C,control,23,GB-RAD-CON-2,1,10,I,GB-RAD-CON-2-1-10-I,2018-06-23
30,4,2,GB,RAD,CON,control,30C,control,23,GB-RAD-CON-2,1,10,S,GB-RAD-CON-2-1-10-S,2018-06-23
452,57,6,GB,RAD,CON,control,30C,control,23,GB-RAD-CON-2,1,20,I,GB-RAD-CON-2-1-20-I,2018-06-23
475,60,5,GB,RAD,CON,control,30C,control,23,GB-RAD-CON-2,1,20,S,GB-RAD-CON-2-1-20-S,2018-06-23
477,60,5,GB,RAD,CON,control,30C,control,23,GB-RAD-CON-2,2,10,I,GB-RAD-CON-2-2-10-I,2018-06-23
273,35,4,GB,RAD,CON,control,30C,control,23,GB-RAD-CON-2,2,10,S,GB-RAD-CON-2-2-10-S,2018-06-23
22,3,2,GB,RAD,CON,control,30C,control,23,GB-RAD-CON-2,2,20,I,GB-RAD-CON-2-2-20-I,2018-06-23
431,54,6,GB,RAD,CON,control,30C,control,23,GB-RAD-CON-2,2,20,S,GB-RAD-CON-2-2-20-S,2018-06-23
301,38,3,GB,RAD,CON,control,30C,control,23,GB-RAD-CON-2,3,10,I,GB-RAD-CON-2-3-10-I,2018-06-23
409,52,5,GB,RAD,CON,control,30C,control,23,GB-RAD-CON-2,3,10,S,GB-RAD-CON-2-3-10-S,2018-06-23
223,28,3,GB,RAD,CON,control,30C,control,23,GB-RAD-CON-2,3,20,I,GB-RAD-CON-2-3-20-I,2018-06-23
219,28,3,GB,RAD,CON,control,30C,control,23,GB-RAD-CON-2,3,20,S,GB-RAD-CON-2-3-20-S,2018-06-23
10,2,1,GB,RAD,CON,control,30C,control,24,GB-RAD-CON-3,1,10,I,GB-RAD-CON-3-1-10-I,2018-06-24
209,27,2,GB,RAD,CON,control,30C,control,24,GB-RAD-CON-3,1,10,S,GB-RAD-CON-3-1-10-S,2018-06-24
521,66,6,GB,RAD,CON,control,30C,control,24,GB-RAD-CON-3,1,20,I,GB-RAD-CON-3-1-20-I,2018-06-24
247,31,4,GB,RAD,CON,control,30C,control,24,GB-RAD-CON-3,1,20,S,GB-RAD-CON-3-1-20-S,2018-06-24
67,9,4,GB,RAD,CON,control,30C,control,24,GB-RAD-CON-3,2,10,I,GB-RAD-CON-3-2-10-I,2018-06-24
261,33,4,GB,RAD,CON,control,30C,control,24,GB-RAD-CON-3,2,10,S,GB-RAD-CON-3-2-10-S,2018-06-24
390,49,5,GB,RAD,CON,control,30C,control,24,GB-RAD-CON-3,2,20,I,GB-RAD-CON-3-2-20-I,2018-06-24
117,15,3,GB,RAD,CON,control,30C,control,24,GB-RAD-CON-3,2,20,S,GB-RAD-CON-3-2-20-S,2018-06-24
472,59,6,GB,RAD,CON,control,30C,control,24,GB-RAD-CON-3,3,10,I,GB-RAD-CON-3-3-10-I,2018-06-24
225,29,3,GB,RAD,CON,control,30C,control,24,GB-RAD-CON-3,3,10,S,GB-RAD-CON-3-3-10-S,2018-06-24
361,46,6,GB,RAD,CON,control,30C,control,24,GB-RAD-CON-3,3,20,I,GB-RAD-CON-3-3-20-I,2018-06-23
176,22,1,GB,RAD,CON,control,30C,control,24,GB-RAD-CON-3,3,20,S,GB-RAD-CON-3-3-20-S,2018-06-24
441,56,6,CP,,0,15,15F,burned,25,MV-00-1,1,10,I,MV-00-1-1-1-10-I,2018-06-08
210,27,2,CP,,0,15,15F,burned,25,MV-00-1,1,10,S,MV-00-1-1-1-10-S,2018-06-08
75,10,4,CP,,0,15,15F,burned,25,MV-00-1,1,20,I,MV-00-1-1-1-20-I,2018-06-08
141,18,2,CP,,0,15,15F,burned,25,MV-00-1,1,20,S,MV-00-1-1-1-20-S,2018-06-08
348,44,1,CP,,0,15,15F,burned,25,MV-00-1,2,10,I,MV-00-1-2-2-10-I,2018-06-08
24,3,2,CP,,0,15,15F,burned,25,MV-00-1,2,10,S,MV-00-1-2-2-10-S,2018-06-08
480,60,5,CP,,0,15,15F,burned,25,MV-00-1,2,20,I,MV-00-1-2-2-20-I,2018-06-08
284,36,4,CP,,0,15,15F,burned,25,MV-00-1,2,20,S,MV-00-1-2-2-20-S,2018-06-08
251,32,4,CP,,0,15,15F,burned,25,MV-00-1,3,10,I,MV-00-1-3-3-10-I,2018-06-08
380,48,5,CP,,0,15,15F,burned,25,MV-00-1,3,10,S,MV-00-1-3-3-10-S,2018-06-08
186,24,1,CP,,0,15,15F,burned,25,MV-00-1,3,20,I,MV-00-1-3-3-20-I,2018-06-08
118,15,3,CP,,0,15,15F,burned,25,MV-00-1,3,20,S,MV-00-1-3-3-20-S,2018-06-08
408,51,5,CP,,0,15,15F,burned,26,MV-00-2,1,10,I,MV-00-2-1-1-10-I,2018-06-08
377,48,5,CP,,0,15,15F,burned,26,MV-00-2,1,10,S,MV-00-2-1-1-10-S,2018-06-08
249,32,4,CP,,0,15,15F,burned,26,MV-00-2,1,20,I,MV-00-2-1-1-20-I,2018-06-08
167,21,1,CP,,0,15,15F,burned,26,MV-00-2,1,20,S,MV-00-2-1-1-20-S,2018-06-08
362,46,6,CP,,0,15,15F,burned,26,MV-00-2,2,10,I,MV-00-2-2-2-10-I,2018-06-08
86,11,4,CP,,0,15,15F,burned,26,MV-00-2,2,10,S,MV-00-2-2-2-10-S,2018-06-08
467,59,6,CP,,0,15,15F,burned,26,MV-00-2,2,20,I,MV-00-2-2-2-20-I,2018-06-08
305,39,3,CP,,0,15,15F,burned,26,MV-00-2,2,20,S,MV-00-2-2-2-20-S,2018-06-08
369,47,6,CP,,0,15,15F,burned,26,MV-00-2,3,10,I,MV-00-2-3-3-10-I,2018-06-08
476,60,5,CP,,0,15,15F,burned,26,MV-00-2,3,10,S,MV-00-2-3-3-10-S,2018-06-08
433,55,6,CP,,0,15,15F,burned,26,MV-00-2,3,20,I,MV-00-2-3-3-20-I,2018-06-08
170,22,1,CP,,0,15,15F,burned,26,MV-00-2,3,20,S,MV-00-2-3-3-20-S,2018-06-08
264,33,4,CP,,0,15,15F,burned,27,MV-00-3,1,10,I,MV-00-3-1-1-10-I,2018-06-08
311,39,3,CP,,0,15,15F,burned,27,MV-00-3,1,10,S,MV-00-3-1-1-10-S,2018-06-08
287,36,4,CP,,0,15,15F,burned,27,MV-00-3,1,20,I,MV-00-3-1-1-20-I,2018-06-08
121,16,3,CP,,0,15,15F,burned,27,MV-00-3,1,20,S,MV-00-3-1-1-20-S,2018-06-08
254,32,4,CP,,0,15,15F,burned,27,MV-00-3,2,10,I,MV-00-3-2-2-10-I,2018-06-08
505,64,5,CP,,0,15,15F,burned,27,MV-00-3,2,10,S,MV-00-3-2-2-10-S,2018-06-08
195,25,2,CP,,0,15,15F,burned,27,MV-00-3,2,20,I,MV-00-3-2-2-20-I,2018-06-08
298,38,3,CP,,0,15,15F,burned,27,MV-00-3,2,20,S,MV-00-3-2-2-20-S,2018-06-08
416,52,5,CP,,0,15,15F,burned,27,MV-00-3,3,10,I,MV-00-3-3-3-10-I,2018-06-08
64,8,3,CP,,0,15,15F,burned,27,MV-00-3,3,10,S,MV-00-3-3-3-10-S,2018-06-08
481,61,5,CP,,0,15,15F,burned,27,MV-00-3,3,20,I,MV-00-3-3-3-20-I,2018-06-08
523,66,6,CP,,0,15,15F,burned,27,MV-00-3,3,20,S,MV-00-3-3-3-20-S,2018-06-08
37,5,2,CP,,89,30,30F,burned,28,MV-89-1,1,10,I,MV-89-1-1-1-10-I,2018-06-07
71,9,4,CP,,89,30,30F,burned,28,MV-89-1,1,10,S,MV-89-1-1-1-10-S,2018-06-07
61,8,3,CP,,89,30,30F,burned,28,MV-89-1,1,20,I,MV-89-1-1-1-20-I,2018-06-07
134,17,3,CP,,89,30,30F,burned,28,MV-89-1,1,20,S,MV-89-1-1-1-20-S,2018-06-07
139,18,2,CP,,89,30,30F,burned,28,MV-89-1,2,10,I,MV-89-1-2-2-10-I,2018-06-07
56,7,3,CP,,89,30,30F,burned,28,MV-89-1,2,10,S,MV-89-1-2-2-10-S,2018-06-07
302,38,3,CP,,89,30,30F,burned,28,MV-89-1,2,20,I,MV-89-1-2-2-20-I,2018-06-07
378,48,5,CP,,89,30,30F,burned,28,MV-89-1,2,20,S,MV-89-1-2-2-20-S,2018-06-07
9,2,1,CP,,89,30,30F,burned,28,MV-89-1,3,10,I,MV-89-1-3-3-10-I,2018-06-07
173,22,1,CP,,89,30,30F,burned,28,MV-89-1,3,10,S,MV-89-1-3-3-10-S,2018-06-07
145,19,2,CP,,89,30,30F,burned,28,MV-89-1,3,20,I,MV-89-1-3-3-20-I,2018-06-07
188,24,1,CP,,89,30,30F,burned,28,MV-89-1,3,20,S,MV-89-1-3-3-20-S,2018-06-07
274,35,4,CP,,89,30,30F,burned,29,MV-89-2,1,10,I,MV-89-2-1-1-10-I,2018-06-07
211,27,2,CP,,89,30,30F,burned,29,MV-89-2,1,10,S,MV-89-2-1-1-10-S,2018-06-07
464,58,6,CP,,89,30,30F,burned,29,MV-89-2,1,20,I,MV-89-2-1-1-20-I,2018-06-07
43,6,3,CP,,89,30,30F,burned,29,MV-89-2,1,20,S,MV-89-2-1-1-20-S,2018-06-07
379,48,5,CP,,89,30,30F,burned,29,MV-89-2,2,10,I,MV-89-2-2-2-10-I,2018-06-07
101,13,4,CP,,89,30,30F,burned,29,MV-89-2,2,10,S,MV-89-2-2-2-10-S,2018-06-07
320,40,2,CP,,89,30,30F,burned,29,MV-89-2,2,20,I,MV-89-2-2-2-20-I,2018-06-07
262,33,4,CP,,89,30,30F,burned,29,MV-89-2,2,20,S,MV-89-2-2-2-20-S,2018-06-07
312,39,3,CP,,89,30,30F,burned,29,MV-89-2,3,10,I,MV-89-2-3-3-10-I,2018-06-07
19,3,2,CP,,89,30,30F,burned,29,MV-89-2,3,10,S,MV-89-2-3-3-10-S,2018-06-07
208,26,2,CP,,89,30,30F,burned,29,MV-89-2,3,20,I,MV-89-2-3-3-20-I,2018-06-07
500,63,5,CP,,89,30,30F,burned,29,MV-89-2,3,20,S,MV-89-2-3-3-20-S,2018-06-07
515,65,5,CP,,89,30,30F,burned,30,MV-89-3,1,10,I,MV-89-3-1-1-10-I,2018-06-07
535,67,6,CP,,89,30,30F,burned,30,MV-89-3,1,10,S,MV-89-3-1-1-10-S,2018-06-07
356,45,6,CP,,89,30,30F,burned,30,MV-89-3,1,20,I,MV-89-3-1-1-20-I,2018-06-07
221,28,3,CP,,89,30,30F,burned,30,MV-89-3,1,20,S,MV-89-3-1-1-20-S,2018-06-07
241,31,4,CP,,89,30,30F,burned,30,MV-89-3,2,10,I,MV-89-3-2-2-10-I,2018-06-07
213,27,2,CP,,89,30,30F,burned,30,MV-89-3,2,10,S,MV-89-3-2-2-10-S,2018-06-07
533,67,6,CP,,89,30,30F,burned,30,MV-89-3,2,20,I,MV-89-3-2-2-20-I,2018-06-07
324,41,2,CP,,89,30,30F,burned,30,MV-89-3,2,20,S,MV-89-3-2-2-20-S,2018-06-07
281,36,4,CP,,89,30,30F,burned,30,MV-89-3,3,10,I,MV-89-3-3-3-10-I,2018-06-07
244,31,4,CP,,89,30,30F,burned,30,MV-89-3,3,10,S,MV-89-3-3-3-10-S,2018-06-07
206,26,2,CP,,89,30,30F,burned,30,MV-89-3,3,20,I,MV-89-3-3-3-20-I,2018-06-07
401,51,5,CP,,89,30,30F,burned,30,MV-89-3,3,20,S,MV-89-3-3-3-20-S,2018-06-07
306,39,3,CP,,CON,control,con,control,31,MV-CON-1,1,10,I,MV-CON-1-1-1-10-I,2018-06-08
2,1,1,CP,,CON,control,con,control,31,MV-CON-1,1,10,S,MV-CON-1-1-1-10-S,2018-06-08
414,52,5,CP,,CON,control,con,control,31,MV-CON-1,1,20,I,MV-CON-1-1-1-20-I,2018-06-08
125,16,3,CP,,CON,control,con,control,31,MV-CON-1,1,20,S,MV-CON-1-1-1-20-S,2018-06-08
443,56,6,CP,,CON,control,con,control,31,MV-CON-1,2,10,I,MV-CON-1-2-2-10-I,2018-06-08
389,49,5,CP,,CON,control,con,control,31,MV-CON-1,2,10,S,MV-CON-1-2-2-10-S,2018-06-08
358,45,6,CP,,CON,control,con,control,31,MV-CON-1,2,20,I,MV-CON-1-2-2-20-I,2018-06-08
519,65,5,CP,,CON,control,con,control,31,MV-CON-1,2,20,S,MV-CON-1-2-2-20-S,2018-06-08
240,30,3,CP,,CON,control,con,control,31,MV-CON-1,3,10,I,MV-CON-1-3-3-10-I,2018-06-08
16,2,1,CP,,CON,control,con,control,31,MV-CON-1,3,10,S,MV-CON-1-3-3-10-S,2018-06-08
138,18,2,CP,,CON,control,con,control,31,MV-CON-1,3,20,I,MV-CON-1-3-3-20-I,2018-06-08
413,52,5,CP,,CON,control,con,control,31,MV-CON-1,3,20,S,MV-CON-1-3-3-20-S,2018-06-08
451,57,6,CP,,CON,control,con,control,32,MV-CON-2,1,10,I,MV-CON-2-1-1-10-I,2018-06-07
493,62,5,CP,,CON,control,con,control,32,MV-CON-2,1,10,S,MV-CON-2-1-1-10-S,2018-06-07
88,11,4,CP,,CON,control,con,control,32,MV-CON-2,1,20,I,MV-CON-2-1-1-20-I,2018-06-07
400,50,5,CP,,CON,control,con,control,32,MV-CON-2,1,20,S,MV-CON-2-1-1-20-S,2018-06-07
34,5,2,CP,,CON,control,con,control,32,MV-CON-2,2,10,I,MV-CON-2-2-2-10-I,2018-06-07
224,28,3,CP,,CON,control,con,control,32,MV-CON-2,2,10,S,MV-CON-2-2-2-10-S,2018-06-07
394,50,5,CP,,CON,control,con,control,32,MV-CON-2,2,20,I,MV-CON-2-2-2-20-I,2018-06-07
110,14,4,CP,,CON,control,con,control,32,MV-CON-2,2,20,S,MV-CON-2-2-2-20-S,2018-06-07
21,3,2,CP,,CON,control,con,control,32,MV-CON-2,3,10,I,MV-CON-2-3-3-10-I,2018-06-07
453,57,6,CP,,CON,control,con,control,32,MV-CON-2,3,10,S,MV-CON-2-3-3-10-S,2018-06-07
430,54,6,CP,,CON,control,con,control,32,MV-CON-2,3,20,I,MV-CON-2-3-3-20-I,2018-06-07
351,44,1,CP,,CON,control,con,control,32,MV-CON-2,3,20,S,MV-CON-2-3-3-20-S,2018-06-07
233,30,3,CP,,CON,control,con,control,33,MV-CON-3,1,10,I,MV-CON-3-1-1-10-I,2018-06-07
345,44,1,CP,,CON,control,con,control,33,MV-CON-3,1,10,S,MV-CON-3-1-1-10-S,2018-06-07
308,39,3,CP,,CON,control,con,control,33,MV-CON-3,1,20,I,MV-CON-3-1-1-20-I,2018-06-07
48,6,3,CP,,CON,control,con,control,33,MV-CON-3,1,20,S,MV-CON-3-1-1-20-S,2018-06-07
27,4,2,CP,,CON,control,con,control,33,MV-CON-3,2,10,I,MV-CON-3-2-2-10-I,2018-06-07
201,26,2,CP,,CON,control,con,control,33,MV-CON-3,2,10,S,MV-CON-3-2-2-10-S,2018-06-07
270,34,4,CP,,CON,control,con,control,33,MV-CON-3,2,20,I,MV-CON-3-2-2-20-I,2018-06-07
457,58,6,CP,,CON,control,con,control,33,MV-CON-3,2,20,S,MV-CON-3-2-2-20-S,2018-06-07
246,31,4,CP,,CON,control,con,control,33,MV-CON-3,3,10,I,MV-CON-3-3-3-10-I,2018-06-07
93,12,4,CP,,CON,control,con,control,33,MV-CON-3,3,10,S,MV-CON-3-3-3-10-S,2018-06-07
28,4,2,CP,,CON,control,con,control,33,MV-CON-3,3,20,I,MV-CON-3-3-3-20-I,2018-06-07
6,1,1,CP,,CON,control,con,control,33,MV-CON-3,3,20,S,MV-CON-3-3-3-20-S,2018-06-07
512,64,5,SO,GAT,80,30,30F,burned,34,SO-GAT-80-1,1,10,I,SO-GAT-80-1-1-10-I,2018-09-23
196,25,2,SO,GAT,80,30,30F,burned,34,SO-GAT-80-1,1,10,S,SO-GAT-80-1-1-10-S,2018-09-23
200,25,2,SO,GAT,80,30,30F,burned,34,SO-GAT-80-1,1,20,I,SO-GAT-80-1-1-20-I,2018-09-23
79,10,4,SO,GAT,80,30,30F,burned,34,SO-GAT-80-1,1,20,S,SO-GAT-80-1-1-20-S,2018-09-23
248,31,4,SO,GAT,80,30,30F,burned,34,SO-GAT-80-1,2,10,I,SO-GAT-80-1-2-10-I,2018-09-23
89,12,4,SO,GAT,80,30,30F,burned,34,SO-GAT-80-1,2,10,S,SO-GAT-80-1-2-10-S,2018-09-23
522,66,6,SO,GAT,80,30,30F,burned,34,SO-GAT-80-1,2,20,I,SO-GAT-80-1-2-20-I,2018-09-23
135,17,3,SO,GAT,80,30,30F,burned,34,SO-GAT-80-1,2,20,S,SO-GAT-80-1-2-20-S,2018-09-23
130,17,3,SO,GAT,80,30,30F,burned,34,SO-GAT-80-1,3,10,I,SO-GAT-80-1-3-10-I,2018-09-23
193,25,2,SO,GAT,80,30,30F,burned,34,SO-GAT-80-1,3,10,S,SO-GAT-80-1-3-10-S,2018-09-23
366,46,6,SO,GAT,80,30,30F,burned,34,SO-GAT-80-1,3,20,I,SO-GAT-80-1-3-20-I,2018-09-23
31,4,2,SO,GAT,80,30,30F,burned,34,SO-GAT-80-1,3,20,S,SO-GAT-80-1-3-20-S,2018-09-23
70,9,4,SO,GAT,80,30,30F,burned,35,SO-GAT-80-2,1,10,I,SO-GAT-80-2-1-10-I,2018-09-23
354,45,6,SO,GAT,80,30,30F,burned,35,SO-GAT-80-2,1,10,S,SO-GAT-80-2-1-10-S,2018-09-23
77,10,4,SO,GAT,80,30,30F,burned,35,SO-GAT-80-2,1,20,I,SO-GAT-80-2-1-20-I,2018-09-23
407,51,5,SO,GAT,80,30,30F,burned,35,SO-GAT-80-2,1,20,S,SO-GAT-80-2-1-20-S,2018-09-23
26,4,2,SO,GAT,80,30,30F,burned,35,SO-GAT-80-2,2,10,I,SO-GAT-80-2-2-10-I,2018-09-23
55,7,3,SO,GAT,80,30,30F,burned,35,SO-GAT-80-2,2,10,S,SO-GAT-80-2-2-10-S,2018-09-23
353,45,6,SO,GAT,80,30,30F,burned,35,SO-GAT-80-2,2,20,I,SO-GAT-80-2-2-20-I,2018-09-23
470,59,6,SO,GAT,80,30,30F,burned,35,SO-GAT-80-2,2,20,S,SO-GAT-80-2-2-20-S,2018-09-23
268,34,4,SO,GAT,80,30,30F,burned,35,SO-GAT-80-2,3,10,I,SO-GAT-80-2-3-10-I,2018-09-23
375,47,6,SO,GAT,80,30,30F,burned,35,SO-GAT-80-2,3,10,S,SO-GAT-80-2-3-10-S,2018-09-23
57,8,3,SO,GAT,80,30,30F,burned,35,SO-GAT-80-2,3,20,I,SO-GAT-80-2-3-20-I,2018-09-23
42,6,3,SO,GAT,80,30,30F,burned,35,SO-GAT-80-2,3,20,S,SO-GAT-80-2-3-20-S,2018-09-23
516,65,5,SO,GAT,80,30,30F,burned,36,SO-GAT-80-3,1,10,I,SO-GAT-80-3-1-10-I,2018-09-23
32,4,2,SO,GAT,80,30,30F,burned,36,SO-GAT-80-3,1,10,S,SO-GAT-80-3-1-10-S,2018-09-23
191,24,1,SO,GAT,80,30,30F,burned,36,SO-GAT-80-3,1,20,I,SO-GAT-80-3-1-20-I,2018-09-23
439,55,6,SO,GAT,80,30,30F,burned,36,SO-GAT-80-3,1,20,S,SO-GAT-80-3-1-20-S,2018-09-23
461,58,6,SO,GAT,80,30,30F,burned,36,SO-GAT-80-3,2,10,I,SO-GAT-80-3-2-10-I,2018-09-23
455,57,6,SO,GAT,80,30,30F,burned,36,SO-GAT-80-3,2,10,S,SO-GAT-80-3-2-10-S,2018-09-23
164,21,1,SO,GAT,80,30,30F,burned,36,SO-GAT-80-3,2,20,I,SO-GAT-80-3-2-20-I,2018-09-23
419,53,5,SO,GAT,80,30,30F,burned,36,SO-GAT-80-3,2,20,S,SO-GAT-80-3-2-20-S,2018-09-23
462,58,6,SO,GAT,80,30,30F,burned,36,SO-GAT-80-3,3,10,I,SO-GAT-80-3-3-10-I,2018-09-23
275,35,4,SO,GAT,80,30,30F,burned,36,SO-GAT-80-3,3,10,S,SO-GAT-80-3-3-10-S,2018-09-23
365,46,6,SO,GAT,80,30,30F,burned,36,SO-GAT-80-3,3,20,I,SO-GAT-80-3-3-20-I,2018-09-23
473,60,5,SO,GAT,80,30,30F,burned,36,SO-GAT-80-3,3,20,S,SO-GAT-80-3-3-20-S,2018-09-23
44,6,3,SO,GAT,CON,control,30C,control,37,SO-GAT-CON-1,1,10,I,SO-GAT-CON-1-1-10-I,2018-09-24
207,26,2,SO,GAT,CON,control,30C,control,37,SO-GAT-CON-1,1,10,S,SO-GAT-CON-1-1-10-S,2018-09-24
163,21,1,SO,GAT,CON,control,30C,control,37,SO-GAT-CON-1,1,20,I,SO-GAT-CON-1-1-20-I,2018-09-24
359,45,6,SO,GAT,CON,control,30C,control,37,SO-GAT-CON-1,1,20,S,SO-GAT-CON-1-1-20-S,2018-09-24
279,35,4,SO,GAT,CON,control,30C,control,37,SO-GAT-CON-1,2,10,I,SO-GAT-CON-1-2-10-I,2018-09-24
128,16,3,SO,GAT,CON,control,30C,control,37,SO-GAT-CON-1,2,10,S,SO-GAT-CON-1-2-10-S,2018-09-24
81,11,4,SO,GAT,CON,control,30C,control,37,SO-GAT-CON-1,2,20,I,SO-GAT-CON-1-2-20-I,2018-09-24
392,49,5,SO,GAT,CON,control,30C,control,37,SO-GAT-CON-1,2,20,S,SO-GAT-CON-1-2-20-S,2018-09-24
194,25,2,SO,GAT,CON,control,30C,control,37,SO-GAT-CON-1,3,10,I,SO-GAT-CON-1-3-10-I,2018-09-24
350,44,1,SO,GAT,CON,control,30C,control,37,SO-GAT-CON-1,3,10,S,SO-GAT-CON-1-3-10-S,2018-09-24
290,37,3,SO,GAT,CON,control,30C,control,37,SO-GAT-CON-1,3,20,I,SO-GAT-CON-1-3-20-I,2018-09-24
205,26,2,SO,GAT,CON,control,30C,control,37,SO-GAT-CON-1,3,20,S,SO-GAT-CON-1-3-20-S,2018-09-24
165,21,1,SO,GAT,CON,control,30C,control,38,SO-GAT-CON-2,1,10,I,SO-GAT-CON-2-1-10-I,2018-09-24
7,1,1,SO,GAT,CON,control,30C,control,38,SO-GAT-CON-2,1,10,S,SO-GAT-CON-2-1-10-S,2018-09-24
63,8,3,SO,GAT,CON,control,30C,control,38,SO-GAT-CON-2,1,20,I,SO-GAT-CON-2-1-20-I,2018-09-24
425,54,6,SO,GAT,CON,control,30C,control,38,SO-GAT-CON-2,1,20,S,SO-GAT-CON-2-1-20-S,2018-09-24
106,14,4,SO,GAT,CON,control,30C,control,38,SO-GAT-CON-2,2,10,I,SO-GAT-CON-2-2-10-I,2018-09-24
100,13,4,SO,GAT,CON,control,30C,control,38,SO-GAT-CON-2,2,10,S,SO-GAT-CON-2-2-10-S,2018-09-24
35,5,2,SO,GAT,CON,control,30C,control,38,SO-GAT-CON-2,2,20,I,SO-GAT-CON-2-2-20-I,2018-09-24
202,26,2,SO,GAT,CON,control,30C,control,38,SO-GAT-CON-2,2,20,S,SO-GAT-CON-2-2-20-S,2018-09-24
229,29,3,SO,GAT,CON,control,30C,control,38,SO-GAT-CON-2,3,10,I,SO-GAT-CON-2-3-10-I,2018-09-24
498,63,5,SO,GAT,CON,control,30C,control,38,SO-GAT-CON-2,3,10,S,SO-GAT-CON-2-3-10-S,2018-09-24
399,50,5,SO,GAT,CON,control,30C,control,38,SO-GAT-CON-2,3,20,I,SO-GAT-CON-2-3-20-I,2018-09-24
296,37,3,SO,GAT,CON,control,30C,control,38,SO-GAT-CON-2,3,20,S,SO-GAT-CON-2-3-20-S,2018-09-24
187,24,1,SO,GAT,CON,control,30C,control,39,SO-GAT-CON-3,1,10,I,SO-GAT-CON-3-1-10-I,2018-09-24
87,11,4,SO,GAT,CON,control,30C,control,39,SO-GAT-CON-3,1,10,S,SO-GAT-CON-3-1-10-S,2018-09-24
437,55,6,SO,GAT,CON,control,30C,control,39,SO-GAT-CON-3,1,20,I,SO-GAT-CON-3-1-20-I,2018-09-24
51,7,3,SO,GAT,CON,control,30C,control,39,SO-GAT-CON-3,1,20,S,SO-GAT-CON-3-1-20-S,2018-09-24
103,13,4,SO,GAT,CON,control,30C,control,39,SO-GAT-CON-3,2,10,I,SO-GAT-CON-3-2-10-I,2018-09-24
299,38,3,SO,GAT,CON,control,30C,control,39,SO-GAT-CON-3,2,10,S,SO-GAT-CON-3-2-10-S,2018-09-24
486,61,5,SO,GAT,CON,control,30C,control,39,SO-GAT-CON-3,2,20,I,SO-GAT-CON-3-2-20-I,2018-09-24
150,19,2,SO,GAT,CON,control,30C,control,39,SO-GAT-CON-3,2,20,S,SO-GAT-CON-3-2-20-S,2018-09-24
496,62,5,SO,GAT,CON,control,30C,control,39,SO-GAT-CON-3,3,10,I,SO-GAT-CON-3-3-10-I,2018-09-24
335,42,2,SO,GAT,CON,control,30C,control,39,SO-GAT-CON-3,3,10,S,SO-GAT-CON-3-3-10-S,2018-09-24
447,56,6,SO,GAT,CON,control,30C,control,39,SO-GAT-CON-3,3,20,I,SO-GAT-CON-3-3-20-I,2018-09-24
105,14,4,SO,GAT,CON,control,30C,control,39,SO-GAT-CON-3,3,20,S,SO-GAT-CON-3-3-20-S,2018-09-24
396,50,5,SO,GST,5,15,15F,burned,40,SO-GST-05-1,1,10,I,SO-GST-05-1-1-10-I,2018-09-27
116,15,3,SO,GST,5,15,15F,burned,40,SO-GST-05-1,1,10,S,SO-GST-05-1-1-10-S,2018-09-27
85,11,4,SO,GST,5,15,15F,burned,40,SO-GST-05-1,1,20,I,SO-GST-05-1-1-20-I,2018-09-27
242,31,4,SO,GST,5,15,15F,burned,40,SO-GST-05-1,1,20,S,SO-GST-05-1-1-20-S,2018-09-27
204,26,2,SO,GST,5,15,15F,burned,40,SO-GST-05-1,2,10,I,SO-GST-05-1-2-10-I,2018-09-27
243,31,4,SO,GST,5,15,15F,burned,40,SO-GST-05-1,2,10,S,SO-GST-05-1-2-10-S,2018-09-27
489,62,5,SO,GST,5,15,15F,burned,40,SO-GST-05-1,2,20,I,SO-GST-05-1-2-20-I,2018-09-27
76,10,4,SO,GST,5,15,15F,burned,40,SO-GST-05-1,2,20,S,SO-GST-05-1-2-20-S,2018-09-27
483,61,5,SO,GST,5,15,15F,burned,40,SO-GST-05-1,3,10,I,SO-GST-05-1-3-10-I,2018-09-27
102,13,4,SO,GST,5,15,15F,burned,40,SO-GST-05-1,3,10,S,SO-GST-05-1-3-10-S,2018-09-27
383,48,5,SO,GST,5,15,15F,burned,40,SO-GST-05-1,3,20,I,SO-GST-05-1-3-20-I,2018-09-27
488,61,5,SO,GST,5,15,15F,burned,40,SO-GST-05-1,3,20,S,SO-GST-05-1-3-20-S,2018-09-27
113,15,3,SO,GST,5,15,15F,burned,41,SO-GST-05-2,1,10,I,SO-GST-05-2-1-10-I,2018-09-27
434,55,6,SO,GST,5,15,15F,burned,41,SO-GST-05-2,1,10,S,SO-GST-05-2-1-10-S,2018-09-27
391,49,5,SO,GST,5,15,15F,burned,41,SO-GST-05-2,1,20,I,SO-GST-05-2-1-20-I,2018-09-27
11,2,1,SO,GST,5,15,15F,burned,41,SO-GST-05-2,1,20,S,SO-GST-05-2-1-20-S,2018-09-27
524,66,6,SO,GST,5,15,15F,burned,41,SO-GST-05-2,2,10,I,SO-GST-05-2-2-10-I,2018-09-27
60,8,3,SO,GST,5,15,15F,burned,41,SO-GST-05-2,2,10,S,SO-GST-05-2-2-10-S,2018-09-27
340,43,1,SO,GST,5,15,15F,burned,41,SO-GST-05-2,2,20,I,SO-GST-05-2-2-20-I,2018-09-27
15,2,1,SO,GST,5,15,15F,burned,41,SO-GST-05-2,2,20,S,SO-GST-05-2-2-20-S,2018-09-27
339,43,1,SO,GST,5,15,15F,burned,41,SO-GST-05-2,3,10,I,SO-GST-05-2-3-10-I,2018-09-27
310,39,3,SO,GST,5,15,15F,burned,41,SO-GST-05-2,3,10,S,SO-GST-05-2-3-10-S,2018-09-27
238,30,3,SO,GST,5,15,15F,burned,41,SO-GST-05-2,3,20,I,SO-GST-05-2-3-20-I,2018-09-27
151,19,2,SO,GST,5,15,15F,burned,41,SO-GST-05-2,3,20,S,SO-GST-05-2-3-20-S,2018-09-27
5,1,1,SO,GST,5,15,15F,burned,42,SO-GST-05-3,1,10,I,SO-GST-05-3-1-10-I,2018-09-26
321,41,2,SO,GST,5,15,15F,burned,42,SO-GST-05-3,1,10,S,SO-GST-05-3-1-10-S,2018-09-26
346,44,1,SO,GST,5,15,15F,burned,42,SO-GST-05-3,1,20,I,SO-GST-05-3-1-20-I,2018-09-26
495,62,5,SO,GST,5,15,15F,burned,42,SO-GST-05-3,1,20,S,SO-GST-05-3-1-20-S,2018-09-26
269,34,4,SO,GST,5,15,15F,burned,42,SO-GST-05-3,2,10,I,SO-GST-05-3-2-10-I,2018-09-26
421,53,5,SO,GST,5,15,15F,burned,42,SO-GST-05-3,2,10,S,SO-GST-05-3-2-10-S,2018-09-26
218,28,3,SO,GST,5,15,15F,burned,42,SO-GST-05-3,2,20,I,SO-GST-05-3-2-20-I,2018-09-26
152,19,2,SO,GST,5,15,15F,burned,42,SO-GST-05-3,2,20,S,SO-GST-05-3-2-20-S,2018-09-26
190,24,1,SO,GST,5,15,15F,burned,42,SO-GST-05-3,3,10,I,SO-GST-05-3-3-10-I,2018-09-26
537,68,6,SO,GST,5,15,15F,burned,42,SO-GST-05-3,3,10,S,SO-GST-05-3-3-10-S,2018-09-26
174,22,1,SO,GST,5,15,15F,burned,42,SO-GST-05-3,3,20,I,SO-GST-05-3-3-20-I,2018-09-26
513,65,5,SO,GST,5,15,15F,burned,42,SO-GST-05-3,3,20,S,SO-GST-05-3-3-20-S,2018-09-26
156,20,2,SO,GST,CON,control,15C,control,43,SO-GST-CON-1,1,10,I,SO-GST-CON-1-1-10-I,2018-09-25
317,40,2,SO,GST,CON,control,15C,control,43,SO-GST-CON-1,1,10,S,SO-GST-CON-1-1-10-S,2018-09-25
502,63,5,SO,GST,CON,control,15C,control,43,SO-GST-CON-1,1,20,I,SO-GST-CON-1-1-20-I,2018-09-25
333,42,2,SO,GST,CON,control,15C,control,43,SO-GST-CON-1,1,20,S,SO-GST-CON-1-1-20-S,2018-09-25
428,54,6,SO,GST,CON,control,15C,control,43,SO-GST-CON-1,2,10,I,SO-GST-CON-1-2-10-I,2018-09-25
463,58,6,SO,GST,CON,control,15C,control,43,SO-GST-CON-1,2,10,S,SO-GST-CON-1-2-10-S,2018-09-25
40,5,2,SO,GST,CON,control,15C,control,43,SO-GST-CON-1,2,20,I,SO-GST-CON-1-2-20-I,2018-09-25
381,48,5,SO,GST,CON,control,15C,control,43,SO-GST-CON-1,2,20,S,SO-GST-CON-1-2-20-S,2018-09-25
17,3,2,SO,GST,CON,control,15C,control,43,SO-GST-CON-1,3,10,I,SO-GST-CON-1-3-10-I,2018-09-25
112,14,4,SO,GST,CON,control,15C,control,43,SO-GST-CON-1,3,10,S,SO-GST-CON-1-3-10-S,2018-09-25
286,36,4,SO,GST,CON,control,15C,control,43,SO-GST-CON-1,3,20,I,SO-GST-CON-1-3-20-I,2018-09-25
449,57,6,SO,GST,CON,control,15C,control,43,SO-GST-CON-1,3,20,S,SO-GST-CON-1-3-20-S,2018-09-25
492,62,5,SO,GST,CON,control,15C,control,44,SO-GST-CON-2,1,10,I,SO-GST-CON-2-1-10-I,2018-09-25
438,55,6,SO,GST,CON,control,15C,control,44,SO-GST-CON-2,1,10,S,SO-GST-CON-2-1-10-S,2018-09-25
278,35,4,SO,GST,CON,control,15C,control,44,SO-GST-CON-2,1,20,I,SO-GST-CON-2-1-20-I,2018-09-25
405,51,5,SO,GST,CON,control,15C,control,44,SO-GST-CON-2,1,20,S,SO-GST-CON-2-1-20-S,2018-09-25
459,58,6,SO,GST,CON,control,15C,control,44,SO-GST-CON-2,2,10,I,SO-GST-CON-2-2-10-I,2018-09-25
294,37,3,SO,GST,CON,control,15C,control,44,SO-GST-CON-2,2,10,S,SO-GST-CON-2-2-10-S,2018-09-25
127,16,3,SO,GST,CON,control,15C,control,44,SO-GST-CON-2,2,20,I,SO-GST-CON-2-2-20-I,2018-09-25
114,15,3,SO,GST,CON,control,15C,control,44,SO-GST-CON-2,2,20,S,SO-GST-CON-2-2-20-S,2018-09-25
506,64,5,SO,GST,CON,control,15C,control,44,SO-GST-CON-2,3,10,I,SO-GST-CON-2-3-10-I,2018-09-25
325,41,2,SO,GST,CON,control,15C,control,44,SO-GST-CON-2,3,10,S,SO-GST-CON-2-3-10-S,2018-09-25
334,42,2,SO,GST,CON,control,15C,control,44,SO-GST-CON-2,3,20,I,SO-GST-CON-2-3-20-I,2018-09-25
236,30,3,SO,GST,CON,control,15C,control,44,SO-GST-CON-2,3,20,S,SO-GST-CON-2-3-20-S,2018-09-25
96,12,4,SO,GST,CON,control,15C,control,45,SO-GST-CON-3,1,10,I,SO-GST-CON-3-1-10-I,2018-09-26
98,13,4,SO,GST,CON,control,15C,control,45,SO-GST-CON-3,1,10,S,SO-GST-CON-3-1-10-S,2018-09-26
115,15,3,SO,GST,CON,control,15C,control,45,SO-GST-CON-3,1,20,I,SO-GST-CON-3-1-20-I,2018-09-26
528,66,6,SO,GST,CON,control,15C,control,45,SO-GST-CON-3,1,20,S,SO-GST-CON-3-1-20-S,2018-09-26
352,44,1,SO,GST,CON,control,15C,control,45,SO-GST-CON-3,2,10,I,SO-GST-CON-3-2-10-I,2018-09-26
315,40,2,SO,GST,CON,control,15C,control,45,SO-GST-CON-3,2,10,S,SO-GST-CON-3-2-10-S,2018-09-26
397,50,5,SO,GST,CON,control,15C,control,45,SO-GST-CON-3,2,20,I,SO-GST-CON-3-2-20-I,2018-09-26
129,17,3,SO,GST,CON,control,15C,control,45,SO-GST-CON-3,2,20,S,SO-GST-CON-3-2-20-S,2018-09-26
465,59,6,SO,GST,CON,control,15C,control,45,SO-GST-CON-3,3,10,I,SO-GST-CON-3-3-10-I,2018-09-26
509,64,5,SO,GST,CON,control,15C,control,45,SO-GST-CON-3,3,10,S,SO-GST-CON-3-3-10-S,2018-09-26
179,23,1,SO,GST,CON,control,15C,control,45,SO-GST-CON-3,3,20,I,SO-GST-CON-3-3-20-I,2018-09-26
468,59,6,SO,GST,CON,control,15C,control,45,SO-GST-CON-3,3,20,S,SO-GST-CON-3-3-20-S,2018-09-26
