sample,fctngrp,count,tray_num,block_num,desert,fire_name,fire_year,TSF,TSF2,burn,plot_num,fullplot_name,line,location,overstory,unique_ID,date_coll,data_type
1,AF,3,1,1,GB,OW,1,15,15F,burned,3,GB-OW-01-3,3,20,I,GB-OW-01-3-3-20-I,2018-06-26,seedbank
2,AF,5,1,1,CP,,CON,control,con,control,1,MV-CON-1,1,10,S,MV-CON-1-1-1-10-S,2018-06-08,seedbank
2,PG,2,1,1,CP,,CON,control,con,control,1,MV-CON-1,1,10,S,MV-CON-1-1-1-10-S,2018-06-08,seedbank
3,AF,1,1,1,CH,JCB,CON,control,15C,control,3,CH-JCB-CON-3,1,20,S,CH-JCB-CON-3-1-20-S,2018-10-21,seedbank
3,PF,1,1,1,CH,JCB,CON,control,15C,control,3,CH-JCB-CON-3,1,20,S,CH-JCB-CON-3-1-20-S,2018-10-21,seedbank
4,AF,4,1,1,CH,KNT,CON,control,30C,control,3,CH-KNT-CON-3,2,20,S,CH-KNT-CON-3-2-20-S,2018-10-24,seedbank
5,AG,4,1,1,SO,GST,5,15,15F,burned,3,SO-GST-05-3,1,10,I,SO-GST-05-3-1-10-I,2018-09-26,seedbank
5,SH,1,1,1,SO,GST,5,15,15F,burned,3,SO-GST-05-3,1,10,I,SO-GST-05-3-1-10-I,2018-09-26,seedbank
6,AF,11,1,1,CP,,CON,control,con,control,3,MV-CON-3,3,20,S,MV-CON-3-3-3-20-S,2018-06-07,seedbank
6,PF,1,1,1,CP,,CON,control,con,control,3,MV-CON-3,3,20,S,MV-CON-3-3-3-20-S,2018-06-07,seedbank
7,AF,26,1,1,SO,GAT,CON,control,30C,control,2,SO-GAT-CON-2,1,10,S,SO-GAT-CON-2-1-10-S,2018-09-24,seedbank
7,AG,1,1,1,SO,GAT,CON,control,30C,control,2,SO-GAT-CON-2,1,10,S,SO-GAT-CON-2-1-10-S,2018-09-24,seedbank
7,SH,2,1,1,SO,GAT,CON,control,30C,control,2,SO-GAT-CON-2,1,10,S,SO-GAT-CON-2-1-10-S,2018-09-24,seedbank
8,AF,1,1,1,GB,OW,1,15,15F,burned,2,GB-OW-01-2,2,10,S,GB-OW-01-2-2-10-S,2018-06-26,seedbank
8,PG,1,1,1,GB,OW,1,15,15F,burned,2,GB-OW-01-2,2,10,S,GB-OW-01-2-2-10-S,2018-06-26,seedbank
9,AF,3,2,1,CP,,89,30,30F,burned,1,MV-89-1,3,10,I,MV-89-1-3-3-10-I,2018-06-07,seedbank
9,AG,1,2,1,CP,,89,30,30F,burned,1,MV-89-1,3,10,I,MV-89-1-3-3-10-I,2018-06-07,seedbank
9,PG,2,2,1,CP,,89,30,30F,burned,1,MV-89-1,3,10,I,MV-89-1-3-3-10-I,2018-06-07,seedbank
11,AF,3,2,1,SO,GST,5,15,15F,burned,2,SO-GST-05-2,1,20,S,SO-GST-05-2-1-20-S,2018-09-27,seedbank
11,AG,1,2,1,SO,GST,5,15,15F,burned,2,SO-GST-05-2,1,20,S,SO-GST-05-2-1-20-S,2018-09-27,seedbank
11,SH,6,2,1,SO,GST,5,15,15F,burned,2,SO-GST-05-2,1,20,S,SO-GST-05-2-1-20-S,2018-09-27,seedbank
12,AF,52,2,1,CH,JCB,1,15,15F,burned,1,CH-JCB-01-1,1,20,S,CH-JCB-01-1-1-20-S,2018-10-20,seedbank
12,AG,2,2,1,CH,JCB,1,15,15F,burned,1,CH-JCB-01-1,1,20,S,CH-JCB-01-1-1-20-S,2018-10-20,seedbank
13,AF,3,2,1,CH,KNT,89,30,30F,burned,2,CH-KNT-89-2,3,20,I,CH-KNT-89-2-3-20-I,2018-10-22,seedbank
14,AF,5,2,1,CH,JCB,CON,control,15C,control,2,CH-JCB-CON-2,3,10,S,CH-JCB-CON-2-3-10-S,2018-10-21,seedbank
15,AG,1,2,1,SO,GST,5,15,15F,burned,2,SO-GST-05-2,2,20,S,SO-GST-05-2-2-20-S,2018-09-27,seedbank
16,PF,2,2,1,CP,,CON,control,con,control,1,MV-CON-1,3,10,S,MV-CON-1-3-3-10-S,2018-06-08,seedbank
16,PG,1,2,1,CP,,CON,control,con,control,1,MV-CON-1,3,10,S,MV-CON-1-3-3-10-S,2018-06-08,seedbank
17,AF,2,3,2,SO,GST,CON,control,15C,control,1,SO-GST-CON-1,3,10,I,SO-GST-CON-1-3-10-I,2018-09-25,seedbank
17,AG,2,3,2,SO,GST,CON,control,15C,control,1,SO-GST-CON-1,3,10,I,SO-GST-CON-1-3-10-I,2018-09-25,seedbank
18,AF,2,3,2,CH,JCB,CON,control,15C,control,2,CH-JCB-CON-2,3,10,I,CH-JCB-CON-2-3-10-I,2018-10-21,seedbank
19,AF,1,3,2,CP,,89,30,30F,burned,2,MV-89-2,3,10,S,MV-89-2-3-3-10-S,2018-06-07,seedbank
19,AG,3,3,2,CP,,89,30,30F,burned,2,MV-89-2,3,10,S,MV-89-2-3-3-10-S,2018-06-07,seedbank
19,PF,1,3,2,CP,,89,30,30F,burned,2,MV-89-2,3,10,S,MV-89-2-3-3-10-S,2018-06-07,seedbank
19,PG,1,3,2,CP,,89,30,30F,burned,2,MV-89-2,3,10,S,MV-89-2-3-3-10-S,2018-06-07,seedbank
20,AF,7,3,2,CH,JCB,CON,control,15C,control,2,CH-JCB-CON-2,2,20,I,CH-JCB-CON-2-2-20-I,2018-10-21,seedbank
22,PF,1,3,2,GB,RAD,CON,control,30C,control,2,GB-RAD-CON-2,2,20,I,GB-RAD-CON-2-2-20-I,2018-06-23,seedbank
26,AG,1,4,2,SO,GAT,80,30,30F,burned,2,SO-GAT-80-2,2,10,I,SO-GAT-80-2-2-10-I,2018-09-23,seedbank
27,AF,6,4,2,CP,,CON,control,con,control,3,MV-CON-3,2,10,I,MV-CON-3-2-2-10-I,2018-06-07,seedbank
28,PG,1,4,2,CP,,CON,control,con,control,3,MV-CON-3,3,20,I,MV-CON-3-3-3-20-I,2018-06-07,seedbank
29,AF,5,4,2,GB,RAD,84,30,30F,burned,1,GB-RAD-84-1,1,20,S,GB-RAD-84-1-1-20-S,2018-06-23,seedbank
29,AG,1,4,2,GB,RAD,84,30,30F,burned,1,GB-RAD-84-1,1,20,S,GB-RAD-84-1-1-20-S,2018-06-23,seedbank
30,AF,1,4,2,GB,RAD,CON,control,30C,control,2,GB-RAD-CON-2,1,10,S,GB-RAD-CON-2-1-10-S,2018-06-23,seedbank
30,AG,5,4,2,GB,RAD,CON,control,30C,control,2,GB-RAD-CON-2,1,10,S,GB-RAD-CON-2-1-10-S,2018-06-23,seedbank
31,AF,27,4,2,SO,GAT,80,30,30F,burned,1,SO-GAT-80-1,3,20,S,SO-GAT-80-1-3-20-S,2018-09-23,seedbank
31,AG,3,4,2,SO,GAT,80,30,30F,burned,1,SO-GAT-80-1,3,20,S,SO-GAT-80-1-3-20-S,2018-09-23,seedbank
31,PF,1,4,2,SO,GAT,80,30,30F,burned,1,SO-GAT-80-1,3,20,S,SO-GAT-80-1-3-20-S,2018-09-23,seedbank
31,SH,1,4,2,SO,GAT,80,30,30F,burned,1,SO-GAT-80-1,3,20,S,SO-GAT-80-1-3-20-S,2018-09-23,seedbank
32,AF,4,4,2,SO,GAT,80,30,30F,burned,3,SO-GAT-80-3,1,10,S,SO-GAT-80-3-1-10-S,2018-09-23,seedbank
32,AG,1,4,2,SO,GAT,80,30,30F,burned,3,SO-GAT-80-3,1,10,S,SO-GAT-80-3-1-10-S,2018-09-23,seedbank
32,SH,3,4,2,SO,GAT,80,30,30F,burned,3,SO-GAT-80-3,1,10,S,SO-GAT-80-3-1-10-S,2018-09-23,seedbank
33,AG,1,5,2,GB,RAD,84,30,30F,burned,2,GB-RAD-84-2,3,20,S,GB-RAD-84-2-3-20-S,2018-06-23,seedbank
33,PG,1,5,2,GB,RAD,84,30,30F,burned,2,GB-RAD-84-2,3,20,S,GB-RAD-84-2-3-20-S,2018-06-23,seedbank
34,AF,1,5,2,CP,,CON,control,con,control,2,MV-CON-2,2,10,I,MV-CON-2-2-2-10-I,2018-06-07,seedbank
34,PF,1,5,2,CP,,CON,control,con,control,2,MV-CON-2,2,10,I,MV-CON-2-2-2-10-I,2018-06-07,seedbank
35,AF,12,5,2,SO,GAT,CON,control,30C,control,2,SO-GAT-CON-2,2,20,I,SO-GAT-CON-2-2-20-I,2018-09-24,seedbank
36,AF,5,5,2,CH,KNT,89,30,30F,burned,1,CH-KNT-89-1,2,20,S,CH-KNT-89-1-2-20-S,2018-10-22,seedbank
37,PF,7,5,2,CP,,89,30,30F,burned,1,MV-89-1,1,10,I,MV-89-1-1-1-10-I,2018-06-07,seedbank
37,PG,2,5,2,CP,,89,30,30F,burned,1,MV-89-1,1,10,I,MV-89-1-1-1-10-I,2018-06-07,seedbank
38,AF,31,5,2,CH,KNT,CON,control,30C,control,1,CH-KNT-CON-1,2,10,S,CH-KNT-CON-1-2-10-S,2018-10-24,seedbank
39,AF,6,5,2,CH,JCB,CON,control,15C,control,2,CH-JCB-CON-2,2,20,S,CH-JCB-CON-2-2-20-S,2018-10-21,seedbank
40,AG,5,5,2,SO,GST,CON,control,15C,control,1,SO-GST-CON-1,2,20,I,SO-GST-CON-1-2-20-I,2018-09-25,seedbank
41,AF,1,6,3,GB,OW,CON,control,15C,control,2,GB-OW-CON-2,2,10,I,GB-OW-CON-2-2-10-I,2018-06-25,seedbank
41,PF,1,6,3,GB,OW,CON,control,15C,control,2,GB-OW-CON-2,2,10,I,GB-OW-CON-2-2-10-I,2018-06-25,seedbank
41,PG,9,6,3,GB,OW,CON,control,15C,control,2,GB-OW-CON-2,2,10,I,GB-OW-CON-2-2-10-I,2018-06-25,seedbank
42,AF,60,6,3,SO,GAT,80,30,30F,burned,2,SO-GAT-80-2,3,20,S,SO-GAT-80-2-3-20-S,2018-09-23,seedbank
42,AG,3,6,3,SO,GAT,80,30,30F,burned,2,SO-GAT-80-2,3,20,S,SO-GAT-80-2-3-20-S,2018-09-23,seedbank
42,SH,5,6,3,SO,GAT,80,30,30F,burned,2,SO-GAT-80-2,3,20,S,SO-GAT-80-2-3-20-S,2018-09-23,seedbank
43,AF,1,6,3,CP,,89,30,30F,burned,2,MV-89-2,1,20,S,MV-89-2-1-1-20-S,2018-06-07,seedbank
43,PF,1,6,3,CP,,89,30,30F,burned,2,MV-89-2,1,20,S,MV-89-2-1-1-20-S,2018-06-07,seedbank
43,PG,1,6,3,CP,,89,30,30F,burned,2,MV-89-2,1,20,S,MV-89-2-1-1-20-S,2018-06-07,seedbank
44,AF,24,6,3,SO,GAT,CON,control,30C,control,1,SO-GAT-CON-1,1,10,I,SO-GAT-CON-1-1-10-I,2018-09-24,seedbank
45,AF,1,6,3,CH,KNT,89,30,30F,burned,2,CH-KNT-89-2,3,10,S,CH-KNT-89-2-3-10-S,2018-10-22,seedbank
46,AF,8,6,3,CH,JCB,1,15,15F,burned,2,CH-JCB-01-2,1,10,S,CH-JCB-01-2-1-10-S,2018-10-19,seedbank
47,PG,2,6,3,GB,OW,1,15,15F,burned,3,GB-OW-01-3,2,10,I,GB-OW-01-3-2-10-I,2018-06-26,seedbank
49,AF,1,7,3,GB,OW,CON,control,15C,control,2,GB-OW-CON-2,2,10,S,GB-OW-CON-2-2-10-S,2018-06-25,seedbank
49,PG,2,7,3,GB,OW,CON,control,15C,control,2,GB-OW-CON-2,2,10,S,GB-OW-CON-2-2-10-S,2018-06-25,seedbank
50,AF,3,7,3,CH,JCB,1,15,15F,burned,3,CH-JCB-01-3,2,20,I,CH-JCB-01-3-2-20-I,2018-10-20,seedbank
50,PG,1,7,3,CH,JCB,1,15,15F,burned,3,CH-JCB-01-3,2,20,I,CH-JCB-01-3-2-20-I,2018-10-20,seedbank
52,AF,1,7,3,GB,RAD,CON,control,30C,control,1,GB-RAD-CON-1,2,20,I,GB-RAD-CON-1-2-20-I,2018-06-23,seedbank
53,AG,19,7,3,GB,RAD,84,30,30F,burned,2,GB-RAD-84-2,1,10,I,GB-RAD-84-2-1-10-I,2018-06-23,seedbank
53,PF,1,7,3,GB,RAD,84,30,30F,burned,2,GB-RAD-84-2,1,10,I,GB-RAD-84-2-1-10-I,2018-06-23,seedbank
53,PG,31,7,3,GB,RAD,84,30,30F,burned,2,GB-RAD-84-2,1,10,I,GB-RAD-84-2-1-10-I,2018-06-23,seedbank
54,AF,4,7,3,CH,JCB,1,15,15F,burned,3,CH-JCB-01-3,3,10,S,CH-JCB-01-3-3-10-S,2018-10-20,seedbank
55,AG,1,7,3,SO,GAT,80,30,30F,burned,2,SO-GAT-80-2,2,10,S,SO-GAT-80-2-2-10-S,2018-09-23,seedbank
55,SH,4,7,3,SO,GAT,80,30,30F,burned,2,SO-GAT-80-2,2,10,S,SO-GAT-80-2-2-10-S,2018-09-23,seedbank
56,PF,4,7,3,CP,,89,30,30F,burned,1,MV-89-1,2,10,S,MV-89-1-2-2-10-S,2018-06-07,seedbank
56,PG,6,7,3,CP,,89,30,30F,burned,1,MV-89-1,2,10,S,MV-89-1-2-2-10-S,2018-06-07,seedbank
57,AF,2,8,3,SO,GAT,80,30,30F,burned,2,SO-GAT-80-2,3,20,I,SO-GAT-80-2-3-20-I,2018-09-23,seedbank
57,AG,1,8,3,SO,GAT,80,30,30F,burned,2,SO-GAT-80-2,3,20,I,SO-GAT-80-2-3-20-I,2018-09-23,seedbank
58,AF,3,8,3,CH,JCB,1,15,15F,burned,2,CH-JCB-01-2,1,20,I,CH-JCB-01-2-1-20-I,2018-10-19,seedbank
59,AF,7,8,3,CH,JCB,CON,control,15C,control,3,CH-JCB-CON-3,3,20,S,CH-JCB-CON-3-3-20-S,2018-10-21,seedbank
60,AF,1,8,3,SO,GST,5,15,15F,burned,2,SO-GST-05-2,2,10,S,SO-GST-05-2-2-10-S,2018-09-27,seedbank
60,AG,8,8,3,SO,GST,5,15,15F,burned,2,SO-GST-05-2,2,10,S,SO-GST-05-2-2-10-S,2018-09-27,seedbank
60,SH,2,8,3,SO,GST,5,15,15F,burned,2,SO-GST-05-2,2,10,S,SO-GST-05-2-2-10-S,2018-09-27,seedbank
61,AF,1,8,3,CP,,89,30,30F,burned,1,MV-89-1,1,20,I,MV-89-1-1-1-20-I,2018-06-07,seedbank
61,AG,1,8,3,CP,,89,30,30F,burned,1,MV-89-1,1,20,I,MV-89-1-1-1-20-I,2018-06-07,seedbank
61,PF,13,8,3,CP,,89,30,30F,burned,1,MV-89-1,1,20,I,MV-89-1-1-1-20-I,2018-06-07,seedbank
62,AF,1,8,3,GB,OW,CON,control,15C,control,3,GB-OW-CON-3,1,20,S,GB-OW-CON-3-1-20-S,2018-06-25,seedbank
62,PF,4,8,3,GB,OW,CON,control,15C,control,3,GB-OW-CON-3,1,20,S,GB-OW-CON-3-1-20-S,2018-06-25,seedbank
63,AF,22,8,3,SO,GAT,CON,control,30C,control,2,SO-GAT-CON-2,1,20,I,SO-GAT-CON-2-1-20-I,2018-09-24,seedbank
64,AF,1,8,3,CP,,0,15,15F,burned,3,MV-00-3,3,10,S,MV-00-3-3-3-10-S,2018-06-08,seedbank
64,PF,1,8,3,CP,,0,15,15F,burned,3,MV-00-3,3,10,S,MV-00-3-3-3-10-S,2018-06-08,seedbank
64,PG,1,8,3,CP,,0,15,15F,burned,3,MV-00-3,3,10,S,MV-00-3-3-3-10-S,2018-06-08,seedbank
65,AF,7,9,4,CH,JCB,1,15,15F,burned,3,CH-JCB-01-3,1,20,I,CH-JCB-01-3-1-20-I,2018-10-20,seedbank
66,AF,12,9,4,CH,KNT,89,30,30F,burned,2,CH-KNT-89-2,1,10,S,CH-KNT-89-2-1-10-S,2018-10-22,seedbank
67,AF,1,9,4,GB,RAD,CON,control,30C,control,3,GB-RAD-CON-3,2,10,I,GB-RAD-CON-3-2-10-I,2018-06-24,seedbank
67,AG,1,9,4,GB,RAD,CON,control,30C,control,3,GB-RAD-CON-3,2,10,I,GB-RAD-CON-3-2-10-I,2018-06-24,seedbank
68,AF,11,9,4,CH,JCB,CON,control,15C,control,1,CH-JCB-CON-1,2,20,I,CH-JCB-CON-1-2-20-I,2018-10-21,seedbank
69,AF,5,9,4,GB,RAD,84,30,30F,burned,2,GB-RAD-84-2,2,10,S,GB-RAD-84-2-2-10-S,2018-06-23,seedbank
69,AG,38,9,4,GB,RAD,84,30,30F,burned,2,GB-RAD-84-2,2,10,S,GB-RAD-84-2-2-10-S,2018-06-23,seedbank
69,PG,2,9,4,GB,RAD,84,30,30F,burned,2,GB-RAD-84-2,2,10,S,GB-RAD-84-2-2-10-S,2018-06-23,seedbank
70,AF,3,9,4,SO,GAT,80,30,30F,burned,2,SO-GAT-80-2,1,10,I,SO-GAT-80-2-1-10-I,2018-09-23,seedbank
70,AG,1,9,4,SO,GAT,80,30,30F,burned,2,SO-GAT-80-2,1,10,I,SO-GAT-80-2-1-10-I,2018-09-23,seedbank
70,SH,1,9,4,SO,GAT,80,30,30F,burned,2,SO-GAT-80-2,1,10,I,SO-GAT-80-2-1-10-I,2018-09-23,seedbank
71,AF,1,9,4,CP,,89,30,30F,burned,1,MV-89-1,1,10,S,MV-89-1-1-1-10-S,2018-06-07,seedbank
71,PF,5,9,4,CP,,89,30,30F,burned,1,MV-89-1,1,10,S,MV-89-1-1-1-10-S,2018-06-07,seedbank
72,AF,8,9,4,CH,JCB,CON,control,15C,control,2,CH-JCB-CON-2,2,10,I,CH-JCB-CON-2-2-10-I,2018-10-21,seedbank
74,AF,2,10,4,GB,RAD,CON,control,30C,control,1,GB-RAD-CON-1,1,10,S,GB-RAD-CON-1-1-10-S,2018-06-23,seedbank
76,AF,8,10,4,SO,GST,5,15,15F,burned,1,SO-GST-05-1,2,20,S,SO-GST-05-1-2-20-S,2018-09-27,seedbank
76,AG,14,10,4,SO,GST,5,15,15F,burned,1,SO-GST-05-1,2,20,S,SO-GST-05-1-2-20-S,2018-09-27,seedbank
78,AF,2,10,4,CH,JCB,1,15,15F,burned,2,CH-JCB-01-2,3,10,I,CH-JCB-01-2-3-10-I,2018-10-19,seedbank
79,AF,26,10,4,SO,GAT,80,30,30F,burned,1,SO-GAT-80-1,1,20,S,SO-GAT-80-1-1-20-S,2018-09-23,seedbank
79,SH,1,10,4,SO,GAT,80,30,30F,burned,1,SO-GAT-80-1,1,20,S,SO-GAT-80-1-1-20-S,2018-09-23,seedbank
80,AF,6,10,4,GB,RAD,84,30,30F,burned,1,GB-RAD-84-1,3,20,S,GB-RAD-84-1-3-20-S,2018-06-23,seedbank
80,AG,2,10,4,GB,RAD,84,30,30F,burned,1,GB-RAD-84-1,3,20,S,GB-RAD-84-1-3-20-S,2018-06-23,seedbank
81,AF,1,11,4,SO,GAT,CON,control,30C,control,1,SO-GAT-CON-1,2,20,I,SO-GAT-CON-1-2-20-I,2018-09-24,seedbank
82,AF,2,11,4,GB,OW,CON,control,15C,control,2,GB-OW-CON-2,1,10,I,GB-OW-CON-2-1-10-I,2018-06-25,seedbank
83,AF,4,11,4,CH,KNT,CON,control,30C,control,2,CH-KNT-CON-2,2,10,S,CH-KNT-CON-2-2-10-S,2018-10-24,seedbank
84,AF,5,11,4,CH,JCB,CON,control,15C,control,3,CH-JCB-CON-3,3,10,S,CH-JCB-CON-3-3-10-S,2018-10-21,seedbank
88,PG,1,11,4,CP,,CON,control,con,control,2,MV-CON-2,1,20,I,MV-CON-2-1-1-20-I,2018-06-07,seedbank
89,AF,3,12,4,SO,GAT,80,30,30F,burned,1,SO-GAT-80-1,2,10,S,SO-GAT-80-1-2-10-S,2018-09-23,seedbank
90,AF,5,12,4,CH,KNT,89,30,30F,burned,2,CH-KNT-89-2,2,20,S,CH-KNT-89-2-2-20-S,2018-10-22,seedbank
91,AF,2,12,4,GB,OW,1,15,15F,burned,3,GB-OW-01-3,2,10,S,GB-OW-01-3-2-10-S,2018-06-26,seedbank
91,AG,7,12,4,GB,OW,1,15,15F,burned,3,GB-OW-01-3,2,10,S,GB-OW-01-3-2-10-S,2018-06-26,seedbank
91,PG,15,12,4,GB,OW,1,15,15F,burned,3,GB-OW-01-3,2,10,S,GB-OW-01-3-2-10-S,2018-06-26,seedbank
92,AF,3,12,4,GB,RAD,84,30,30F,burned,2,GB-RAD-84-2,1,20,I,GB-RAD-84-2-1-20-I,2018-06-23,seedbank
92,AG,21,12,4,GB,RAD,84,30,30F,burned,2,GB-RAD-84-2,1,20,I,GB-RAD-84-2-1-20-I,2018-06-23,seedbank
92,PG,4,12,4,GB,RAD,84,30,30F,burned,2,GB-RAD-84-2,1,20,I,GB-RAD-84-2-1-20-I,2018-06-23,seedbank
93,AF,1,12,4,CP,,CON,control,con,control,3,MV-CON-3,3,10,S,MV-CON-3-3-3-10-S,2018-06-07,seedbank
94,AF,3,12,4,CH,KNT,89,30,30F,burned,3,CH-KNT-89-3,3,20,I,CH-KNT-89-3-3-20-I,2018-10-22,seedbank
95,AF,4,12,4,CH,JCB,1,15,15F,burned,1,CH-JCB-01-1,1,10,I,CH-JCB-01-1-1-10-I,2018-10-20,seedbank
96,AF,9,12,4,SO,GST,CON,control,15C,control,3,SO-GST-CON-3,1,10,I,SO-GST-CON-3-1-10-I,2018-09-26,seedbank
96,AG,10,12,4,SO,GST,CON,control,15C,control,3,SO-GST-CON-3,1,10,I,SO-GST-CON-3-1-10-I,2018-09-26,seedbank
98,AG,7,13,4,SO,GST,CON,control,15C,control,3,SO-GST-CON-3,1,10,S,SO-GST-CON-3-1-10-S,2018-09-26,seedbank
100,AF,4,13,4,SO,GAT,CON,control,30C,control,2,SO-GAT-CON-2,2,10,S,SO-GAT-CON-2-2-10-S,2018-09-24,seedbank
100,SH,1,13,4,SO,GAT,CON,control,30C,control,2,SO-GAT-CON-2,2,10,S,SO-GAT-CON-2-2-10-S,2018-09-24,seedbank
101,AF,3,13,4,CP,,89,30,30F,burned,2,MV-89-2,2,10,S,MV-89-2-2-2-10-S,2018-06-07,seedbank
101,AG,1,13,4,CP,,89,30,30F,burned,2,MV-89-2,2,10,S,MV-89-2-2-2-10-S,2018-06-07,seedbank
101,PF,1,13,4,CP,,89,30,30F,burned,2,MV-89-2,2,10,S,MV-89-2-2-2-10-S,2018-06-07,seedbank
102,AF,2,13,4,SO,GST,5,15,15F,burned,1,SO-GST-05-1,3,10,S,SO-GST-05-1-3-10-S,2018-09-27,seedbank
102,AG,4,13,4,SO,GST,5,15,15F,burned,1,SO-GST-05-1,3,10,S,SO-GST-05-1-3-10-S,2018-09-27,seedbank
102,PF,1,13,4,SO,GST,5,15,15F,burned,1,SO-GST-05-1,3,10,S,SO-GST-05-1-3-10-S,2018-09-27,seedbank
103,AF,2,13,4,SO,GAT,CON,control,30C,control,3,SO-GAT-CON-3,2,10,I,SO-GAT-CON-3-2-10-I,2018-09-24,seedbank
103,AG,3,13,4,SO,GAT,CON,control,30C,control,3,SO-GAT-CON-3,2,10,I,SO-GAT-CON-3-2-10-I,2018-09-24,seedbank
104,AF,1,13,4,GB,RAD,CON,control,30C,control,1,GB-RAD-CON-1,1,20,I,GB-RAD-CON-1-1-20-I,2018-06-23,seedbank
104,SH,2,13,4,GB,RAD,CON,control,30C,control,1,GB-RAD-CON-1,1,20,I,GB-RAD-CON-1-1-20-I,2018-06-23,seedbank
105,AF,10,14,4,SO,GAT,CON,control,30C,control,3,SO-GAT-CON-3,3,20,S,SO-GAT-CON-3-3-20-S,2018-09-24,seedbank
105,AG,8,14,4,SO,GAT,CON,control,30C,control,3,SO-GAT-CON-3,3,20,S,SO-GAT-CON-3-3-20-S,2018-09-24,seedbank
105,SH,2,14,4,SO,GAT,CON,control,30C,control,3,SO-GAT-CON-3,3,20,S,SO-GAT-CON-3-3-20-S,2018-09-24,seedbank
106,AF,2,14,4,SO,GAT,CON,control,30C,control,2,SO-GAT-CON-2,2,10,I,SO-GAT-CON-2-2-10-I,2018-09-24,seedbank
106,AG,27,14,4,SO,GAT,CON,control,30C,control,2,SO-GAT-CON-2,2,10,I,SO-GAT-CON-2-2-10-I,2018-09-24,seedbank
106,SH,1,14,4,SO,GAT,CON,control,30C,control,2,SO-GAT-CON-2,2,10,I,SO-GAT-CON-2-2-10-I,2018-09-24,seedbank
108,AF,3,14,4,CH,JCB,1,15,15F,burned,2,CH-JCB-01-2,3,20,I,CH-JCB-01-2-3-20-I,2018-10-19,seedbank
109,PG,5,14,4,GB,OW,CON,control,15C,control,1,GB-OW-CON-1,2,10,S,GB-OW-CON-1-2-10-S,2018-06-26,seedbank
109,SH,4,14,4,GB,OW,CON,control,15C,control,1,GB-OW-CON-1,2,10,S,GB-OW-CON-1-2-10-S,2018-06-26,seedbank
110,AF,1,14,4,CP,,CON,control,con,control,2,MV-CON-2,2,20,S,MV-CON-2-2-2-20-S,2018-06-07,seedbank
111,AF,1,14,4,GB,OW,CON,control,15C,control,1,GB-OW-CON-1,1,20,I,GB-OW-CON-1-1-20-I,2018-06-26,seedbank
112,AF,103,14,4,SO,GST,CON,control,15C,control,1,SO-GST-CON-1,3,10,S,SO-GST-CON-1-3-10-S,2018-09-25,seedbank
112,AG,1,14,4,SO,GST,CON,control,15C,control,1,SO-GST-CON-1,3,10,S,SO-GST-CON-1-3-10-S,2018-09-25,seedbank
114,AF,16,15,3,SO,GST,CON,control,15C,control,2,SO-GST-CON-2,2,20,S,SO-GST-CON-2-2-20-S,2018-09-25,seedbank
114,AG,17,15,3,SO,GST,CON,control,15C,control,2,SO-GST-CON-2,2,20,S,SO-GST-CON-2-2-20-S,2018-09-25,seedbank
115,AF,6,15,3,SO,GST,CON,control,15C,control,3,SO-GST-CON-3,1,20,I,SO-GST-CON-3-1-20-I,2018-09-26,seedbank
115,AG,20,15,3,SO,GST,CON,control,15C,control,3,SO-GST-CON-3,1,20,I,SO-GST-CON-3-1-20-I,2018-09-26,seedbank
116,AF,1,15,3,SO,GST,5,15,15F,burned,1,SO-GST-05-1,1,10,S,SO-GST-05-1-1-10-S,2018-09-27,seedbank
116,AG,1,15,3,SO,GST,5,15,15F,burned,1,SO-GST-05-1,1,10,S,SO-GST-05-1-1-10-S,2018-09-27,seedbank
120,AF,10,15,3,CH,KNT,89,30,30F,burned,1,CH-KNT-89-1,1,10,I,CH-KNT-89-1-1-10-I,2018-10-22,seedbank
120,AG,1,15,3,CH,KNT,89,30,30F,burned,1,CH-KNT-89-1,1,10,I,CH-KNT-89-1-1-10-I,2018-10-22,seedbank
122,AF,25,16,3,CH,JCB,CON,control,15C,control,1,CH-JCB-CON-1,1,10,S,CH-JCB-CON-1-1-10-S,2018-10-21,seedbank
123,AF,29,16,3,CH,JCB,CON,control,15C,control,1,CH-JCB-CON-1,2,20,S,CH-JCB-CON-1-2-20-S,2018-10-21,seedbank
123,AG,1,16,3,CH,JCB,CON,control,15C,control,1,CH-JCB-CON-1,2,20,S,CH-JCB-CON-1-2-20-S,2018-10-21,seedbank
124,AF,1,16,3,GB,OW,CON,control,15C,control,2,GB-OW-CON-2,1,20,S,GB-OW-CON-2-1-20-S,2018-06-25,seedbank
125,AF,2,16,3,CP,,CON,control,con,control,1,MV-CON-1,1,20,S,MV-CON-1-1-1-20-S,2018-06-08,seedbank
125,PF,1,16,3,CP,,CON,control,con,control,1,MV-CON-1,1,20,S,MV-CON-1-1-1-20-S,2018-06-08,seedbank
125,PG,1,16,3,CP,,CON,control,con,control,1,MV-CON-1,1,20,S,MV-CON-1-1-1-20-S,2018-06-08,seedbank
126,AF,5,16,3,CH,KNT,CON,control,30C,control,2,CH-KNT-CON-2,3,20,S,CH-KNT-CON-2-3-20-S,2018-10-24,seedbank
127,AF,2,16,3,SO,GST,CON,control,15C,control,2,SO-GST-CON-2,2,20,I,SO-GST-CON-2-2-20-I,2018-09-25,seedbank
127,AG,43,16,3,SO,GST,CON,control,15C,control,2,SO-GST-CON-2,2,20,I,SO-GST-CON-2-2-20-I,2018-09-25,seedbank
128,AF,29,16,3,SO,GAT,CON,control,30C,control,1,SO-GAT-CON-1,2,10,S,SO-GAT-CON-1-2-10-S,2018-09-24,seedbank
128,SH,5,16,3,SO,GAT,CON,control,30C,control,1,SO-GAT-CON-1,2,10,S,SO-GAT-CON-1-2-10-S,2018-09-24,seedbank
129,AF,20,17,3,SO,GST,CON,control,15C,control,3,SO-GST-CON-3,2,20,S,SO-GST-CON-3-2-20-S,2018-09-26,seedbank
129,AG,1,17,3,SO,GST,CON,control,15C,control,3,SO-GST-CON-3,2,20,S,SO-GST-CON-3-2-20-S,2018-09-26,seedbank
130,AF,3,17,3,SO,GAT,80,30,30F,burned,1,SO-GAT-80-1,3,10,I,SO-GAT-80-1-3-10-I,2018-09-23,seedbank
130,AG,1,17,3,SO,GAT,80,30,30F,burned,1,SO-GAT-80-1,3,10,I,SO-GAT-80-1-3-10-I,2018-09-23,seedbank
131,PG,1,17,3,GB,OW,1,15,15F,burned,2,GB-OW-01-2,1,20,S,GB-OW-01-2-1-20-S,2018-06-26,seedbank
132,AF,6,17,3,GB,OW,1,15,15F,burned,1,GB-OW-01-1,3,10,S,GB-OW-01-1-3-10-S,2018-06-26,seedbank
132,AG,1,17,3,GB,OW,1,15,15F,burned,1,GB-OW-01-1,3,10,S,GB-OW-01-1-3-10-S,2018-06-26,seedbank
132,PG,20,17,3,GB,OW,1,15,15F,burned,1,GB-OW-01-1,3,10,S,GB-OW-01-1-3-10-S,2018-06-26,seedbank
133,AF,5,17,3,CH,KNT,89,30,30F,burned,2,CH-KNT-89-2,2,10,I,CH-KNT-89-2-2-10-I,2018-10-22,seedbank
134,AG,3,17,3,CP,,89,30,30F,burned,1,MV-89-1,1,20,S,MV-89-1-1-1-20-S,2018-06-07,seedbank
134,PF,3,17,3,CP,,89,30,30F,burned,1,MV-89-1,1,20,S,MV-89-1-1-1-20-S,2018-06-07,seedbank
134,PG,3,17,3,CP,,89,30,30F,burned,1,MV-89-1,1,20,S,MV-89-1-1-1-20-S,2018-06-07,seedbank
135,AF,22,17,3,SO,GAT,80,30,30F,burned,1,SO-GAT-80-1,2,20,S,SO-GAT-80-1-2-20-S,2018-09-23,seedbank
135,AG,1,17,3,SO,GAT,80,30,30F,burned,1,SO-GAT-80-1,2,20,S,SO-GAT-80-1-2-20-S,2018-09-23,seedbank
135,SH,2,17,3,SO,GAT,80,30,30F,burned,1,SO-GAT-80-1,2,20,S,SO-GAT-80-1-2-20-S,2018-09-23,seedbank
136,AF,4,17,3,CH,JCB,1,15,15F,burned,3,CH-JCB-01-3,2,20,S,CH-JCB-01-3-2-20-S,2018-10-20,seedbank
136,PG,2,17,3,CH,JCB,1,15,15F,burned,3,CH-JCB-01-3,2,20,S,CH-JCB-01-3-2-20-S,2018-10-20,seedbank
137,AF,4,18,2,CH,JCB,CON,control,15C,control,3,CH-JCB-CON-3,2,20,I,CH-JCB-CON-3-2-20-I,2018-10-21,seedbank
138,AF,2,18,2,CP,,CON,control,con,control,1,MV-CON-1,3,20,I,MV-CON-1-3-3-20-I,2018-06-08,seedbank
138,PG,3,18,2,CP,,CON,control,con,control,1,MV-CON-1,3,20,I,MV-CON-1-3-3-20-I,2018-06-08,seedbank
139,AF,2,18,2,CP,,89,30,30F,burned,1,MV-89-1,2,10,I,MV-89-1-2-2-10-I,2018-06-07,seedbank
139,PF,5,18,2,CP,,89,30,30F,burned,1,MV-89-1,2,10,I,MV-89-1-2-2-10-I,2018-06-07,seedbank
139,PG,17,18,2,CP,,89,30,30F,burned,1,MV-89-1,2,10,I,MV-89-1-2-2-10-I,2018-06-07,seedbank
140,AF,6,18,2,CH,JCB,CON,control,15C,control,3,CH-JCB-CON-3,2,10,I,CH-JCB-CON-3-2-10-I,2018-10-21,seedbank
141,AG,2,18,2,CP,,0,15,15F,burned,1,MV-00-1,1,20,S,MV-00-1-1-1-20-S,2018-06-08,seedbank
142,AF,1,18,2,GB,RAD,CON,control,30C,control,1,GB-RAD-CON-1,2,10,S,GB-RAD-CON-1-2-10-S,2018-06-23,seedbank
142,AG,1,18,2,GB,RAD,CON,control,30C,control,1,GB-RAD-CON-1,2,10,S,GB-RAD-CON-1-2-10-S,2018-06-23,seedbank
143,AF,9,18,2,CH,JCB,1,15,15F,burned,1,CH-JCB-01-1,2,20,I,CH-JCB-01-1-2-20-I,2018-10-20,seedbank
145,AF,3,19,2,CP,,89,30,30F,burned,1,MV-89-1,3,20,I,MV-89-1-3-3-20-I,2018-06-07,seedbank
145,PF,8,19,2,CP,,89,30,30F,burned,1,MV-89-1,3,20,I,MV-89-1-3-3-20-I,2018-06-07,seedbank
145,PG,7,19,2,CP,,89,30,30F,burned,1,MV-89-1,3,20,I,MV-89-1-3-3-20-I,2018-06-07,seedbank
146,PG,13,19,2,GB,OW,1,15,15F,burned,1,GB-OW-01-1,1,10,S,GB-OW-01-1-1-10-S,2018-06-26,seedbank
146,SH,1,19,2,GB,OW,1,15,15F,burned,1,GB-OW-01-1,1,10,S,GB-OW-01-1-1-10-S,2018-06-26,seedbank
147,AF,3,19,2,GB,OW,CON,control,15C,control,1,GB-OW-CON-1,1,10,S,GB-OW-CON-1-1-10-S,2018-06-26,seedbank
147,PG,8,19,2,GB,OW,CON,control,15C,control,1,GB-OW-CON-1,1,10,S,GB-OW-CON-1-1-10-S,2018-06-26,seedbank
148,AF,43,19,2,CH,JCB,CON,control,15C,control,2,CH-JCB-CON-2,2,10,S,CH-JCB-CON-2-2-10-S,2018-10-21,seedbank
149,AF,2,19,2,GB,OW,1,15,15F,burned,3,GB-OW-01-3,3,20,S,GB-OW-01-3-3-20-S,2018-06-26,seedbank
149,AG,5,19,2,GB,OW,1,15,15F,burned,3,GB-OW-01-3,3,20,S,GB-OW-01-3-3-20-S,2018-06-26,seedbank
149,PG,5,19,2,GB,OW,1,15,15F,burned,3,GB-OW-01-3,3,20,S,GB-OW-01-3-3-20-S,2018-06-26,seedbank
150,AF,7,19,2,SO,GAT,CON,control,30C,control,3,SO-GAT-CON-3,2,20,S,SO-GAT-CON-3-2-20-S,2018-09-24,seedbank
150,AG,16,19,2,SO,GAT,CON,control,30C,control,3,SO-GAT-CON-3,2,20,S,SO-GAT-CON-3-2-20-S,2018-09-24,seedbank
150,SH,1,19,2,SO,GAT,CON,control,30C,control,3,SO-GAT-CON-3,2,20,S,SO-GAT-CON-3-2-20-S,2018-09-24,seedbank
151,AF,17,19,2,SO,GST,5,15,15F,burned,2,SO-GST-05-2,3,20,S,SO-GST-05-2-3-20-S,2018-09-27,seedbank
151,AG,2,19,2,SO,GST,5,15,15F,burned,2,SO-GST-05-2,3,20,S,SO-GST-05-2-3-20-S,2018-09-27,seedbank
151,SH,4,19,2,SO,GST,5,15,15F,burned,2,SO-GST-05-2,3,20,S,SO-GST-05-2-3-20-S,2018-09-27,seedbank
152,AF,5,19,2,SO,GST,5,15,15F,burned,3,SO-GST-05-3,2,20,S,SO-GST-05-3-2-20-S,2018-09-26,seedbank
152,AG,1,19,2,SO,GST,5,15,15F,burned,3,SO-GST-05-3,2,20,S,SO-GST-05-3-2-20-S,2018-09-26,seedbank
152,SH,1,19,2,SO,GST,5,15,15F,burned,3,SO-GST-05-3,2,20,S,SO-GST-05-3-2-20-S,2018-09-26,seedbank
153,AF,1,20,2,CH,KNT,89,30,30F,burned,2,CH-KNT-89-2,1,10,I,CH-KNT-89-2-1-10-I,2018-10-22,seedbank
155,AF,6,20,2,CH,KNT,89,30,30F,burned,1,CH-KNT-89-1,2,10,S,CH-KNT-89-1-2-10-S,2018-10-22,seedbank
156,AF,1,20,2,SO,GST,CON,control,15C,control,1,SO-GST-CON-1,1,10,I,SO-GST-CON-1-1-10-I,2018-09-25,seedbank
156,AG,4,20,2,SO,GST,CON,control,15C,control,1,SO-GST-CON-1,1,10,I,SO-GST-CON-1-1-10-I,2018-09-25,seedbank
157,AF,6,20,2,CH,KNT,CON,control,30C,control,3,CH-KNT-CON-3,1,20,S,CH-KNT-CON-3-1-20-S,2018-10-24,seedbank
158,PG,5,20,2,GB,OW,CON,control,15C,control,1,GB-OW-CON-1,1,20,S,GB-OW-CON-1-1-20-S,2018-06-26,seedbank
159,AF,32,20,2,CH,JCB,CON,control,15C,control,1,CH-JCB-CON-1,3,10,S,CH-JCB-CON-1-3-10-S,2018-10-21,seedbank
159,PF,1,20,2,CH,JCB,CON,control,15C,control,1,CH-JCB-CON-1,3,10,S,CH-JCB-CON-1-3-10-S,2018-10-21,seedbank
160,PG,4,20,2,GB,OW,CON,control,15C,control,1,GB-OW-CON-1,3,10,I,GB-OW-CON-1-3-10-I,2018-06-26,seedbank
161,AF,1,21,1,GB,OW,1,15,15F,burned,2,GB-OW-01-2,2,20,S,GB-OW-01-2-2-20-S,2018-06-26,seedbank
161,AG,1,21,1,GB,OW,1,15,15F,burned,2,GB-OW-01-2,2,20,S,GB-OW-01-2-2-20-S,2018-06-26,seedbank
161,PG,6,21,1,GB,OW,1,15,15F,burned,2,GB-OW-01-2,2,20,S,GB-OW-01-2-2-20-S,2018-06-26,seedbank
162,AF,2,21,1,GB,RAD,84,30,30F,burned,3,GB-RAD-84-3,1,10,I,GB-RAD-84-3-1-10-I,2018-06-27,seedbank
162,AG,1,21,1,GB,RAD,84,30,30F,burned,3,GB-RAD-84-3,1,10,I,GB-RAD-84-3-1-10-I,2018-06-27,seedbank
163,AF,32,21,1,SO,GAT,CON,control,30C,control,1,SO-GAT-CON-1,1,20,I,SO-GAT-CON-1-1-20-I,2018-09-24,seedbank
163,AG,4,21,1,SO,GAT,CON,control,30C,control,1,SO-GAT-CON-1,1,20,I,SO-GAT-CON-1-1-20-I,2018-09-24,seedbank
164,AF,2,21,1,SO,GAT,80,30,30F,burned,3,SO-GAT-80-3,2,20,I,SO-GAT-80-3-2-20-I,2018-09-23,seedbank
164,AG,1,21,1,SO,GAT,80,30,30F,burned,3,SO-GAT-80-3,2,20,I,SO-GAT-80-3-2-20-I,2018-09-23,seedbank
165,AF,15,21,1,SO,GAT,CON,control,30C,control,2,SO-GAT-CON-2,1,10,I,SO-GAT-CON-2-1-10-I,2018-09-24,seedbank
165,AG,9,21,1,SO,GAT,CON,control,30C,control,2,SO-GAT-CON-2,1,10,I,SO-GAT-CON-2-1-10-I,2018-09-24,seedbank
166,AF,1,21,1,GB,OW,CON,control,15C,control,1,GB-OW-CON-1,3,20,S,GB-OW-CON-1-3-20-S,2018-06-26,seedbank
166,PG,9,21,1,GB,OW,CON,control,15C,control,1,GB-OW-CON-1,3,20,S,GB-OW-CON-1-3-20-S,2018-06-26,seedbank
166,SH,1,21,1,GB,OW,CON,control,15C,control,1,GB-OW-CON-1,3,20,S,GB-OW-CON-1-3-20-S,2018-06-26,seedbank
168,AF,2,21,1,GB,OW,1,15,15F,burned,1,GB-OW-01-1,2,10,S,GB-OW-01-1-2-10-S,2018-06-26,seedbank
168,PG,6,21,1,GB,OW,1,15,15F,burned,1,GB-OW-01-1,2,10,S,GB-OW-01-1-2-10-S,2018-06-26,seedbank
169,AF,4,22,1,GB,RAD,CON,control,30C,control,1,GB-RAD-CON-1,2,20,S,GB-RAD-CON-1-2-20-S,2018-06-23,seedbank
169,AG,3,22,1,GB,RAD,CON,control,30C,control,1,GB-RAD-CON-1,2,20,S,GB-RAD-CON-1-2-20-S,2018-06-23,seedbank
171,AF,9,22,1,CH,JCB,CON,control,15C,control,3,CH-JCB-CON-3,1,10,S,CH-JCB-CON-3-1-10-S,2018-10-21,seedbank
172,AF,1,22,1,GB,OW,1,15,15F,burned,2,GB-OW-01-2,3,20,I,GB-OW-01-2-3-20-I,2018-06-26,seedbank
172,PG,3,22,1,GB,OW,1,15,15F,burned,2,GB-OW-01-2,3,20,I,GB-OW-01-2-3-20-I,2018-06-26,seedbank
173,AG,1,22,1,CP,,89,30,30F,burned,1,MV-89-1,3,10,S,MV-89-1-3-3-10-S,2018-06-07,seedbank
173,PF,2,22,1,CP,,89,30,30F,burned,1,MV-89-1,3,10,S,MV-89-1-3-3-10-S,2018-06-07,seedbank
173,PG,13,22,1,CP,,89,30,30F,burned,1,MV-89-1,3,10,S,MV-89-1-3-3-10-S,2018-06-07,seedbank
174,AG,1,22,1,SO,GST,5,15,15F,burned,3,SO-GST-05-3,3,20,I,SO-GST-05-3-3-20-I,2018-09-26,seedbank
174,SH,2,22,1,SO,GST,5,15,15F,burned,3,SO-GST-05-3,3,20,I,SO-GST-05-3-3-20-I,2018-09-26,seedbank
175,AF,7,22,1,CH,JCB,1,15,15F,burned,3,CH-JCB-01-3,2,10,S,CH-JCB-01-3-2-10-S,2018-10-20,seedbank
176,AF,7,22,1,GB,RAD,CON,control,30C,control,3,GB-RAD-CON-3,3,20,S,GB-RAD-CON-3-3-20-S,2018-06-24,seedbank
176,AG,1,22,1,GB,RAD,CON,control,30C,control,3,GB-RAD-CON-3,3,20,S,GB-RAD-CON-3-3-20-S,2018-06-24,seedbank
176,PF,1,22,1,GB,RAD,CON,control,30C,control,3,GB-RAD-CON-3,3,20,S,GB-RAD-CON-3-3-20-S,2018-06-24,seedbank
177,AF,5,23,1,CH,KNT,CON,control,30C,control,1,CH-KNT-CON-1,3,10,I,CH-KNT-CON-1-3-10-I,2018-10-24,seedbank
177,AG,1,23,1,CH,KNT,CON,control,30C,control,1,CH-KNT-CON-1,3,10,I,CH-KNT-CON-1-3-10-I,2018-10-24,seedbank
178,AF,7,23,1,CH,KNT,89,30,30F,burned,3,CH-KNT-89-3,2,20,I,CH-KNT-89-3-2-20-I,2018-10-22,seedbank
179,AF,3,23,1,SO,GST,CON,control,15C,control,3,SO-GST-CON-3,3,20,I,SO-GST-CON-3-3-20-I,2018-09-26,seedbank
181,AF,1,23,1,GB,RAD,84,30,30F,burned,1,GB-RAD-84-1,3,20,I,GB-RAD-84-1-3-20-I,2018-06-23,seedbank
182,AG,7,23,1,GB,RAD,84,30,30F,burned,2,GB-RAD-84-2,3,10,S,GB-RAD-84-2-3-10-S,2018-06-23,seedbank
182,PF,1,23,1,GB,RAD,84,30,30F,burned,2,GB-RAD-84-2,3,10,S,GB-RAD-84-2-3-10-S,2018-06-23,seedbank
182,PG,1,23,1,GB,RAD,84,30,30F,burned,2,GB-RAD-84-2,3,10,S,GB-RAD-84-2-3-10-S,2018-06-23,seedbank
183,AF,5,23,1,CH,KNT,89,30,30F,burned,3,CH-KNT-89-3,3,20,S,CH-KNT-89-3-3-20-S,2018-10-22,seedbank
184,AF,3,23,1,CH,JCB,1,15,15F,burned,1,CH-JCB-01-1,3,20,I,CH-JCB-01-1-3-20-I,2018-10-20,seedbank
185,AF,3,24,1,GB,RAD,84,30,30F,burned,3,GB-RAD-84-3,3,20,S,GB-RAD-84-3-3-20-S,2018-06-27,seedbank
185,AG,1,24,1,GB,RAD,84,30,30F,burned,3,GB-RAD-84-3,3,20,S,GB-RAD-84-3-3-20-S,2018-06-27,seedbank
185,PF,4,24,1,GB,RAD,84,30,30F,burned,3,GB-RAD-84-3,3,20,S,GB-RAD-84-3-3-20-S,2018-06-27,seedbank
185,PG,1,24,1,GB,RAD,84,30,30F,burned,3,GB-RAD-84-3,3,20,S,GB-RAD-84-3-3-20-S,2018-06-27,seedbank
186,AF,1,24,1,CP,,0,15,15F,burned,1,MV-00-1,3,20,I,MV-00-1-3-3-20-I,2018-06-08,seedbank
187,AF,1,24,1,SO,GAT,CON,control,30C,control,3,SO-GAT-CON-3,1,10,I,SO-GAT-CON-3-1-10-I,2018-09-24,seedbank
188,PF,6,24,1,CP,,89,30,30F,burned,1,MV-89-1,3,20,S,MV-89-1-3-3-20-S,2018-06-07,seedbank
188,PG,3,24,1,CP,,89,30,30F,burned,1,MV-89-1,3,20,S,MV-89-1-3-3-20-S,2018-06-07,seedbank
189,AF,1,24,1,GB,OW,1,15,15F,burned,3,GB-OW-01-3,3,10,I,GB-OW-01-3-3-10-I,2018-06-26,seedbank
190,AG,2,24,1,SO,GST,5,15,15F,burned,3,SO-GST-05-3,3,10,I,SO-GST-05-3-3-10-I,2018-09-26,seedbank
191,AF,3,24,1,SO,GAT,80,30,30F,burned,3,SO-GAT-80-3,1,20,I,SO-GAT-80-3-1-20-I,2018-09-23,seedbank
192,AF,2,24,1,GB,OW,CON,control,15C,control,3,GB-OW-CON-3,2,10,S,GB-OW-CON-3-2-10-S,2018-06-25,seedbank
192,PG,7,24,1,GB,OW,CON,control,15C,control,3,GB-OW-CON-3,2,10,S,GB-OW-CON-3-2-10-S,2018-06-25,seedbank
193,AF,18,25,2,SO,GAT,80,30,30F,burned,1,SO-GAT-80-1,3,10,S,SO-GAT-80-1-3-10-S,2018-09-23,seedbank
193,AG,1,25,2,SO,GAT,80,30,30F,burned,1,SO-GAT-80-1,3,10,S,SO-GAT-80-1-3-10-S,2018-09-23,seedbank
193,SH,1,25,2,SO,GAT,80,30,30F,burned,1,SO-GAT-80-1,3,10,S,SO-GAT-80-1-3-10-S,2018-09-23,seedbank
194,AF,12,25,2,SO,GAT,CON,control,30C,control,1,SO-GAT-CON-1,3,10,I,SO-GAT-CON-1-3-10-I,2018-09-24,seedbank
196,AF,49,25,2,SO,GAT,80,30,30F,burned,1,SO-GAT-80-1,1,10,S,SO-GAT-80-1-1-10-S,2018-09-23,seedbank
196,SH,4,25,2,SO,GAT,80,30,30F,burned,1,SO-GAT-80-1,1,10,S,SO-GAT-80-1-1-10-S,2018-09-23,seedbank
197,AF,1,25,2,GB,OW,1,15,15F,burned,3,GB-OW-01-3,2,20,S,GB-OW-01-3-2-20-S,2018-06-26,seedbank
197,AG,1,25,2,GB,OW,1,15,15F,burned,3,GB-OW-01-3,2,20,S,GB-OW-01-3-2-20-S,2018-06-26,seedbank
198,AF,8,25,2,CH,JCB,1,15,15F,burned,2,CH-JCB-01-2,1,20,S,CH-JCB-01-2-1-20-S,2018-10-19,seedbank
199,PG,2,25,2,GB,OW,CON,control,15C,control,1,GB-OW-CON-1,3,20,I,GB-OW-CON-1-3-20-I,2018-06-26,seedbank
200,AF,4,25,2,SO,GAT,80,30,30F,burned,1,SO-GAT-80-1,1,20,I,SO-GAT-80-1-1-20-I,2018-09-23,seedbank
201,AF,2,26,2,CP,,CON,control,con,control,3,MV-CON-3,2,10,S,MV-CON-3-2-2-10-S,2018-06-07,seedbank
202,AF,15,26,2,SO,GAT,CON,control,30C,control,2,SO-GAT-CON-2,2,20,S,SO-GAT-CON-2-2-20-S,2018-09-24,seedbank
202,AG,2,26,2,SO,GAT,CON,control,30C,control,2,SO-GAT-CON-2,2,20,S,SO-GAT-CON-2-2-20-S,2018-09-24,seedbank
203,AF,12,26,2,CH,KNT,89,30,30F,burned,3,CH-KNT-89-3,3,10,I,CH-KNT-89-3-3-10-I,2018-10-22,seedbank
204,AF,3,26,2,SO,GST,5,15,15F,burned,1,SO-GST-05-1,2,10,I,SO-GST-05-1-2-10-I,2018-09-27,seedbank
204,AG,5,26,2,SO,GST,5,15,15F,burned,1,SO-GST-05-1,2,10,I,SO-GST-05-1-2-10-I,2018-09-27,seedbank
205,AF,7,26,2,SO,GAT,CON,control,30C,control,1,SO-GAT-CON-1,3,20,S,SO-GAT-CON-1-3-20-S,2018-09-24,seedbank
205,AG,2,26,2,SO,GAT,CON,control,30C,control,1,SO-GAT-CON-1,3,20,S,SO-GAT-CON-1-3-20-S,2018-09-24,seedbank
206,PF,1,26,2,CP,,89,30,30F,burned,3,MV-89-3,3,20,I,MV-89-3-3-3-20-I,2018-06-07,seedbank
206,PG,20,26,2,CP,,89,30,30F,burned,3,MV-89-3,3,20,I,MV-89-3-3-3-20-I,2018-06-07,seedbank
207,AF,29,26,2,SO,GAT,CON,control,30C,control,1,SO-GAT-CON-1,1,10,S,SO-GAT-CON-1-1-10-S,2018-09-24,seedbank
207,PF,1,26,2,SO,GAT,CON,control,30C,control,1,SO-GAT-CON-1,1,10,S,SO-GAT-CON-1-1-10-S,2018-09-24,seedbank
207,SH,2,26,2,SO,GAT,CON,control,30C,control,1,SO-GAT-CON-1,1,10,S,SO-GAT-CON-1-1-10-S,2018-09-24,seedbank
208,AF,2,26,2,CP,,89,30,30F,burned,2,MV-89-2,3,20,I,MV-89-2-3-3-20-I,2018-06-07,seedbank
208,AG,1,26,2,CP,,89,30,30F,burned,2,MV-89-2,3,20,I,MV-89-2-3-3-20-I,2018-06-07,seedbank
208,PF,1,26,2,CP,,89,30,30F,burned,2,MV-89-2,3,20,I,MV-89-2-3-3-20-I,2018-06-07,seedbank
208,PG,15,26,2,CP,,89,30,30F,burned,2,MV-89-2,3,20,I,MV-89-2-3-3-20-I,2018-06-07,seedbank
209,AF,1,27,2,GB,RAD,CON,control,30C,control,3,GB-RAD-CON-3,1,10,S,GB-RAD-CON-3-1-10-S,2018-06-24,seedbank
211,AF,1,27,2,CP,,89,30,30F,burned,2,MV-89-2,1,10,S,MV-89-2-1-1-10-S,2018-06-07,seedbank
211,AG,1,27,2,CP,,89,30,30F,burned,2,MV-89-2,1,10,S,MV-89-2-1-1-10-S,2018-06-07,seedbank
211,PG,2,27,2,CP,,89,30,30F,burned,2,MV-89-2,1,10,S,MV-89-2-1-1-10-S,2018-06-07,seedbank
212,AF,4,27,2,GB,RAD,84,30,30F,burned,1,GB-RAD-84-1,2,20,I,GB-RAD-84-1-2-20-I,2018-06-23,seedbank
212,AG,1,27,2,GB,RAD,84,30,30F,burned,1,GB-RAD-84-1,2,20,I,GB-RAD-84-1-2-20-I,2018-06-23,seedbank
213,AF,1,27,2,CP,,89,30,30F,burned,3,MV-89-3,2,10,S,MV-89-3-2-2-10-S,2018-06-07,seedbank
213,PG,2,27,2,CP,,89,30,30F,burned,3,MV-89-3,2,10,S,MV-89-3-2-2-10-S,2018-06-07,seedbank
214,AF,13,27,2,CH,JCB,CON,control,15C,control,3,CH-JCB-CON-3,2,20,S,CH-JCB-CON-3-2-20-S,2018-10-21,seedbank
215,PG,8,27,2,GB,OW,1,15,15F,burned,2,GB-OW-01-2,1,20,I,GB-OW-01-2-1-20-I,2018-06-26,seedbank
216,AF,5,27,2,CH,KNT,89,30,30F,burned,3,CH-KNT-89-3,1,20,I,CH-KNT-89-3-1-20-I,2018-10-22,seedbank
217,AG,1,28,3,GB,RAD,84,30,30F,burned,1,GB-RAD-84-1,1,10,I,GB-RAD-84-1-1-10-I,2018-06-23,seedbank
218,AG,3,28,3,SO,GST,5,15,15F,burned,3,SO-GST-05-3,2,20,I,SO-GST-05-3-2-20-I,2018-09-26,seedbank
218,SH,1,28,3,SO,GST,5,15,15F,burned,3,SO-GST-05-3,2,20,I,SO-GST-05-3-2-20-I,2018-09-26,seedbank
219,AG,1,28,3,GB,RAD,CON,control,30C,control,2,GB-RAD-CON-2,3,20,S,GB-RAD-CON-2-3-20-S,2018-06-23,seedbank
220,AF,10,28,3,CH,JCB,1,15,15F,burned,1,CH-JCB-01-1,1,10,S,CH-JCB-01-1-1-10-S,2018-10-20,seedbank
221,AF,2,28,3,CP,,89,30,30F,burned,3,MV-89-3,1,20,S,MV-89-3-1-1-20-S,2018-06-07,seedbank
221,AG,3,28,3,CP,,89,30,30F,burned,3,MV-89-3,1,20,S,MV-89-3-1-1-20-S,2018-06-07,seedbank
221,PG,29,28,3,CP,,89,30,30F,burned,3,MV-89-3,1,20,S,MV-89-3-1-1-20-S,2018-06-07,seedbank
223,AG,1,28,3,GB,RAD,CON,control,30C,control,2,GB-RAD-CON-2,3,20,I,GB-RAD-CON-2-3-20-I,2018-06-23,seedbank
224,AF,1,28,3,CP,,CON,control,con,control,2,MV-CON-2,2,10,S,MV-CON-2-2-2-10-S,2018-06-07,seedbank
226,AF,1,29,3,GB,RAD,CON,control,30C,control,1,GB-RAD-CON-1,2,10,I,GB-RAD-CON-1-2-10-I,2018-06-23,seedbank
226,AG,2,29,3,GB,RAD,CON,control,30C,control,1,GB-RAD-CON-1,2,10,I,GB-RAD-CON-1-2-10-I,2018-06-23,seedbank
227,AF,3,29,3,CH,KNT,89,30,30F,burned,2,CH-KNT-89-2,3,10,I,CH-KNT-89-2-3-10-I,2018-10-22,seedbank
228,AF,5,29,3,CH,JCB,CON,control,15C,control,2,CH-JCB-CON-2,1,10,I,CH-JCB-CON-2-1-10-I,2018-10-21,seedbank
229,AG,3,29,3,SO,GAT,CON,control,30C,control,2,SO-GAT-CON-2,3,10,I,SO-GAT-CON-2-3-10-I,2018-09-24,seedbank
230,AF,3,29,3,CH,KNT,89,30,30F,burned,1,CH-KNT-89-1,1,10,S,CH-KNT-89-1-1-10-S,2018-10-22,seedbank
231,AF,11,29,3,GB,RAD,84,30,30F,burned,3,GB-RAD-84-3,3,20,I,GB-RAD-84-3-3-20-I,2018-06-27,seedbank
231,AG,2,29,3,GB,RAD,84,30,30F,burned,3,GB-RAD-84-3,3,20,I,GB-RAD-84-3-3-20-I,2018-06-27,seedbank
231,PF,4,29,3,GB,RAD,84,30,30F,burned,3,GB-RAD-84-3,3,20,I,GB-RAD-84-3-3-20-I,2018-06-27,seedbank
232,AF,2,29,3,CH,JCB,1,15,15F,burned,3,CH-JCB-01-3,2,10,I,CH-JCB-01-3-2-10-I,2018-10-20,seedbank
233,AF,1,30,3,CP,,CON,control,con,control,3,MV-CON-3,1,10,I,MV-CON-3-1-1-10-I,2018-06-07,seedbank
233,PF,1,30,3,CP,,CON,control,con,control,3,MV-CON-3,1,10,I,MV-CON-3-1-1-10-I,2018-06-07,seedbank
235,PG,5,30,3,GB,OW,1,15,15F,burned,1,GB-OW-01-1,3,20,I,GB-OW-01-1-3-20-I,2018-06-26,seedbank
236,AF,11,30,3,SO,GST,CON,control,15C,control,2,SO-GST-CON-2,3,20,S,SO-GST-CON-2-3-20-S,2018-09-25,seedbank
236,AG,10,30,3,SO,GST,CON,control,15C,control,2,SO-GST-CON-2,3,20,S,SO-GST-CON-2-3-20-S,2018-09-25,seedbank
236,SH,1,30,3,SO,GST,CON,control,15C,control,2,SO-GST-CON-2,3,20,S,SO-GST-CON-2-3-20-S,2018-09-25,seedbank
237,AF,5,30,3,CH,KNT,CON,control,30C,control,1,CH-KNT-CON-1,1,20,S,CH-KNT-CON-1-1-20-S,2018-10-24,seedbank
238,AG,15,30,3,SO,GST,5,15,15F,burned,2,SO-GST-05-2,3,20,I,SO-GST-05-2-3-20-I,2018-09-27,seedbank
240,AF,5,30,3,CP,,CON,control,con,control,1,MV-CON-1,3,10,I,MV-CON-1-3-3-10-I,2018-06-08,seedbank
241,PF,1,31,4,CP,,89,30,30F,burned,3,MV-89-3,2,10,I,MV-89-3-2-2-10-I,2018-06-07,seedbank
241,PG,5,31,4,CP,,89,30,30F,burned,3,MV-89-3,2,10,I,MV-89-3-2-2-10-I,2018-06-07,seedbank
242,SH,3,31,4,SO,GST,5,15,15F,burned,1,SO-GST-05-1,1,20,S,SO-GST-05-1-1-20-S,2018-09-27,seedbank
243,AF,3,31,4,SO,GST,5,15,15F,burned,1,SO-GST-05-1,2,10,S,SO-GST-05-1-2-10-S,2018-09-27,seedbank
243,AG,8,31,4,SO,GST,5,15,15F,burned,1,SO-GST-05-1,2,10,S,SO-GST-05-1-2-10-S,2018-09-27,seedbank
243,SH,3,31,4,SO,GST,5,15,15F,burned,1,SO-GST-05-1,2,10,S,SO-GST-05-1-2-10-S,2018-09-27,seedbank
244,PF,2,31,4,CP,,89,30,30F,burned,3,MV-89-3,3,10,S,MV-89-3-3-3-10-S,2018-06-07,seedbank
244,PG,15,31,4,CP,,89,30,30F,burned,3,MV-89-3,3,10,S,MV-89-3-3-3-10-S,2018-06-07,seedbank
245,AG,3,31,4,GB,RAD,84,30,30F,burned,2,GB-RAD-84-2,3,10,I,GB-RAD-84-2-3-10-I,2018-06-23,seedbank
246,AF,3,31,4,CP,,CON,control,con,control,3,MV-CON-3,3,10,I,MV-CON-3-3-3-10-I,2018-06-07,seedbank
246,PG,2,31,4,CP,,CON,control,con,control,3,MV-CON-3,3,10,I,MV-CON-3-3-3-10-I,2018-06-07,seedbank
247,AF,6,31,4,GB,RAD,CON,control,30C,control,3,GB-RAD-CON-3,1,20,S,GB-RAD-CON-3-1-20-S,2018-06-24,seedbank
247,AG,5,31,4,GB,RAD,CON,control,30C,control,3,GB-RAD-CON-3,1,20,S,GB-RAD-CON-3-1-20-S,2018-06-24,seedbank
248,AF,8,31,4,SO,GAT,80,30,30F,burned,1,SO-GAT-80-1,2,10,I,SO-GAT-80-1-2-10-I,2018-09-23,seedbank
248,AG,2,31,4,SO,GAT,80,30,30F,burned,1,SO-GAT-80-1,2,10,I,SO-GAT-80-1-2-10-I,2018-09-23,seedbank
250,PG,2,32,4,GB,OW,1,15,15F,burned,1,GB-OW-01-1,1,10,I,GB-OW-01-1-1-10-I,2018-06-26,seedbank
251,PF,1,32,4,CP,,0,15,15F,burned,1,MV-00-1,3,10,I,MV-00-1-3-3-10-I,2018-06-08,seedbank
252,AF,1,32,4,GB,OW,CON,control,15C,control,2,GB-OW-CON-2,1,20,I,GB-OW-CON-2-1-20-I,2018-06-25,seedbank
253,AF,16,32,4,CH,JCB,CON,control,15C,control,1,CH-JCB-CON-1,3,10,I,CH-JCB-CON-1-3-10-I,2018-10-21,seedbank
255,AF,1,32,4,CH,KNT,CON,control,30C,control,3,CH-KNT-CON-3,3,20,S,CH-KNT-CON-3-3-20-S,2018-10-24,seedbank
256,AF,1,32,4,GB,RAD,84,30,30F,burned,3,GB-RAD-84-3,2,10,I,GB-RAD-84-3-2-10-I,2018-06-27,seedbank
256,AG,2,32,4,GB,RAD,84,30,30F,burned,3,GB-RAD-84-3,2,10,I,GB-RAD-84-3-2-10-I,2018-06-27,seedbank
256,PF,2,32,4,GB,RAD,84,30,30F,burned,3,GB-RAD-84-3,2,10,I,GB-RAD-84-3-2-10-I,2018-06-27,seedbank
256,PG,82,32,4,GB,RAD,84,30,30F,burned,3,GB-RAD-84-3,2,10,I,GB-RAD-84-3-2-10-I,2018-06-27,seedbank
257,AF,7,33,4,CH,JCB,1,15,15F,burned,2,CH-JCB-01-2,3,20,S,CH-JCB-01-2-3-20-S,2018-10-19,seedbank
258,PG,1,33,4,GB,OW,1,15,15F,burned,2,GB-OW-01-2,1,10,S,GB-OW-01-2-1-10-S,2018-06-26,seedbank
259,AF,1,33,4,CH,JCB,1,15,15F,burned,1,CH-JCB-01-1,2,20,S,CH-JCB-01-1-2-20-S,2018-10-20,seedbank
260,AF,4,33,4,GB,RAD,CON,control,30C,control,1,GB-RAD-CON-1,1,20,S,GB-RAD-CON-1-1-20-S,2018-06-23,seedbank
260,AG,1,33,4,GB,RAD,CON,control,30C,control,1,GB-RAD-CON-1,1,20,S,GB-RAD-CON-1-1-20-S,2018-06-23,seedbank
261,PF,1,33,4,GB,RAD,CON,control,30C,control,3,GB-RAD-CON-3,2,10,S,GB-RAD-CON-3-2-10-S,2018-06-24,seedbank
262,AF,16,33,4,CP,,89,30,30F,burned,2,MV-89-2,2,20,S,MV-89-2-2-2-20-S,2018-06-07,seedbank
262,AG,3,33,4,CP,,89,30,30F,burned,2,MV-89-2,2,20,S,MV-89-2-2-2-20-S,2018-06-07,seedbank
262,PF,13,33,4,CP,,89,30,30F,burned,2,MV-89-2,2,20,S,MV-89-2-2-2-20-S,2018-06-07,seedbank
262,PG,2,33,4,CP,,89,30,30F,burned,2,MV-89-2,2,20,S,MV-89-2-2-2-20-S,2018-06-07,seedbank
263,AF,1,33,4,GB,OW,1,15,15F,burned,1,GB-OW-01-1,1,20,S,GB-OW-01-1-1-20-S,2018-06-26,seedbank
263,PG,4,33,4,GB,OW,1,15,15F,burned,1,GB-OW-01-1,1,20,S,GB-OW-01-1-1-20-S,2018-06-26,seedbank
265,AF,9,34,4,CH,KNT,CON,control,30C,control,3,CH-KNT-CON-3,1,20,I,CH-KNT-CON-3-1-20-I,2018-10-24,seedbank
266,AF,7,34,4,CH,KNT,CON,control,30C,control,1,CH-KNT-CON-1,2,10,I,CH-KNT-CON-1-2-10-I,2018-10-24,seedbank
267,AF,7,34,4,CH,KNT,CON,control,30C,control,1,CH-KNT-CON-1,1,10,I,CH-KNT-CON-1-1-10-I,2018-10-24,seedbank
268,AF,28,34,4,SO,GAT,80,30,30F,burned,2,SO-GAT-80-2,3,10,I,SO-GAT-80-2-3-10-I,2018-09-23,seedbank
268,AG,3,34,4,SO,GAT,80,30,30F,burned,2,SO-GAT-80-2,3,10,I,SO-GAT-80-2-3-10-I,2018-09-23,seedbank
270,AF,2,34,4,CP,,CON,control,con,control,3,MV-CON-3,2,20,I,MV-CON-3-2-2-20-I,2018-06-07,seedbank
270,PF,1,34,4,CP,,CON,control,con,control,3,MV-CON-3,2,20,I,MV-CON-3-2-2-20-I,2018-06-07,seedbank
271,AF,7,34,4,GB,RAD,84,30,30F,burned,2,GB-RAD-84-2,1,20,S,GB-RAD-84-2-1-20-S,2018-06-23,seedbank
271,AG,15,34,4,GB,RAD,84,30,30F,burned,2,GB-RAD-84-2,1,20,S,GB-RAD-84-2-1-20-S,2018-06-23,seedbank
271,PF,5,34,4,GB,RAD,84,30,30F,burned,2,GB-RAD-84-2,1,20,S,GB-RAD-84-2-1-20-S,2018-06-23,seedbank
271,PG,3,34,4,GB,RAD,84,30,30F,burned,2,GB-RAD-84-2,1,20,S,GB-RAD-84-2-1-20-S,2018-06-23,seedbank
272,AG,39,34,4,GB,RAD,84,30,30F,burned,2,GB-RAD-84-2,2,20,I,GB-RAD-84-2-2-20-I,2018-06-23,seedbank
273,AF,1,35,4,GB,RAD,CON,control,30C,control,2,GB-RAD-CON-2,2,10,S,GB-RAD-CON-2-2-10-S,2018-06-23,seedbank
273,PG,2,35,4,GB,RAD,CON,control,30C,control,2,GB-RAD-CON-2,2,10,S,GB-RAD-CON-2-2-10-S,2018-06-23,seedbank
274,AG,1,35,4,CP,,89,30,30F,burned,2,MV-89-2,1,10,I,MV-89-2-1-1-10-I,2018-06-07,seedbank
274,PF,10,35,4,CP,,89,30,30F,burned,2,MV-89-2,1,10,I,MV-89-2-1-1-10-I,2018-06-07,seedbank
274,PG,6,35,4,CP,,89,30,30F,burned,2,MV-89-2,1,10,I,MV-89-2-1-1-10-I,2018-06-07,seedbank
275,SH,4,35,4,SO,GAT,80,30,30F,burned,3,SO-GAT-80-3,3,10,S,SO-GAT-80-3-3-10-S,2018-09-23,seedbank
276,AF,7,35,4,CH,KNT,89,30,30F,burned,1,CH-KNT-89-1,3,10,I,CH-KNT-89-1-3-10-I,2018-10-22,seedbank
277,AF,1,35,4,CH,KNT,CON,control,30C,control,2,CH-KNT-CON-2,1,10,S,CH-KNT-CON-2-1-10-S,2018-10-24,seedbank
278,AF,8,35,4,SO,GST,CON,control,15C,control,2,SO-GST-CON-2,1,20,I,SO-GST-CON-2-1-20-I,2018-09-25,seedbank
278,AG,33,35,4,SO,GST,CON,control,15C,control,2,SO-GST-CON-2,1,20,I,SO-GST-CON-2-1-20-I,2018-09-25,seedbank
278,SH,1,35,4,SO,GST,CON,control,15C,control,2,SO-GST-CON-2,1,20,I,SO-GST-CON-2-1-20-I,2018-09-25,seedbank
279,AF,42,35,4,SO,GAT,CON,control,30C,control,1,SO-GAT-CON-1,2,10,I,SO-GAT-CON-1-2-10-I,2018-09-24,seedbank
279,AG,1,35,4,SO,GAT,CON,control,30C,control,1,SO-GAT-CON-1,2,10,I,SO-GAT-CON-1-2-10-I,2018-09-24,seedbank
279,SH,1,35,4,SO,GAT,CON,control,30C,control,1,SO-GAT-CON-1,2,10,I,SO-GAT-CON-1-2-10-I,2018-09-24,seedbank
280,AF,1,35,4,CH,KNT,89,30,30F,burned,3,CH-KNT-89-3,1,10,I,CH-KNT-89-3-1-10-I,2018-10-22,seedbank
280,AG,1,35,4,CH,KNT,89,30,30F,burned,3,CH-KNT-89-3,1,10,I,CH-KNT-89-3-1-10-I,2018-10-22,seedbank
281,AF,1,36,4,CP,,89,30,30F,burned,3,MV-89-3,3,10,I,MV-89-3-3-3-10-I,2018-06-07,seedbank
281,PF,1,36,4,CP,,89,30,30F,burned,3,MV-89-3,3,10,I,MV-89-3-3-3-10-I,2018-06-07,seedbank
281,PG,8,36,4,CP,,89,30,30F,burned,3,MV-89-3,3,10,I,MV-89-3-3-3-10-I,2018-06-07,seedbank
282,AF,8,36,4,CH,JCB,1,15,15F,burned,1,CH-JCB-01-1,2,10,S,CH-JCB-01-1-2-10-S,2018-10-20,seedbank
283,AF,15,36,4,CH,JCB,1,15,15F,burned,2,CH-JCB-01-2,2,20,I,CH-JCB-01-2-2-20-I,2018-10-19,seedbank
284,PF,2,36,4,CP,,0,15,15F,burned,1,MV-00-1,2,20,S,MV-00-1-2-2-20-S,2018-06-08,seedbank
285,AF,4,36,4,GB,RAD,84,30,30F,burned,3,GB-RAD-84-3,1,20,I,GB-RAD-84-3-1-20-I,2018-06-27,seedbank
285,AG,3,36,4,GB,RAD,84,30,30F,burned,3,GB-RAD-84-3,1,20,I,GB-RAD-84-3-1-20-I,2018-06-27,seedbank
285,PF,1,36,4,GB,RAD,84,30,30F,burned,3,GB-RAD-84-3,1,20,I,GB-RAD-84-3-1-20-I,2018-06-27,seedbank
285,PG,1,36,4,GB,RAD,84,30,30F,burned,3,GB-RAD-84-3,1,20,I,GB-RAD-84-3-1-20-I,2018-06-27,seedbank
286,AG,26,36,4,SO,GST,CON,control,15C,control,1,SO-GST-CON-1,3,20,I,SO-GST-CON-1-3-20-I,2018-09-25,seedbank
287,PG,3,36,4,CP,,0,15,15F,burned,3,MV-00-3,1,20,I,MV-00-3-1-1-20-I,2018-06-08,seedbank
288,AF,7,36,4,CH,JCB,CON,control,15C,control,1,CH-JCB-CON-1,3,20,I,CH-JCB-CON-1-3-20-I,2018-10-21,seedbank
289,PG,2,37,3,GB,OW,1,15,15F,burned,3,GB-OW-01-3,1,10,I,GB-OW-01-3-1-10-I,2018-06-26,seedbank
290,AF,3,37,3,SO,GAT,CON,control,30C,control,1,SO-GAT-CON-1,3,20,I,SO-GAT-CON-1-3-20-I,2018-09-24,seedbank
291,AF,1,37,3,CH,KNT,CON,control,30C,control,3,CH-KNT-CON-3,2,10,I,CH-KNT-CON-3-2-10-I,2018-10-24,seedbank
292,AF,1,37,3,CH,KNT,CON,control,30C,control,3,CH-KNT-CON-3,3,10,I,CH-KNT-CON-3-3-10-I,2018-10-24,seedbank
293,PG,3,37,3,GB,OW,CON,control,15C,control,3,GB-OW-CON-3,3,10,I,GB-OW-CON-3-3-10-I,2018-06-25,seedbank
294,AF,25,37,3,SO,GST,CON,control,15C,control,2,SO-GST-CON-2,2,10,S,SO-GST-CON-2-2-10-S,2018-09-25,seedbank
294,AG,21,37,3,SO,GST,CON,control,15C,control,2,SO-GST-CON-2,2,10,S,SO-GST-CON-2-2-10-S,2018-09-25,seedbank
295,AF,7,37,3,GB,RAD,84,30,30F,burned,3,GB-RAD-84-3,2,20,S,GB-RAD-84-3-2-20-S,2018-06-27,seedbank
295,AG,4,37,3,GB,RAD,84,30,30F,burned,3,GB-RAD-84-3,2,20,S,GB-RAD-84-3-2-20-S,2018-06-27,seedbank
295,PG,2,37,3,GB,RAD,84,30,30F,burned,3,GB-RAD-84-3,2,20,S,GB-RAD-84-3-2-20-S,2018-06-27,seedbank
296,SH,3,37,3,SO,GAT,CON,control,30C,control,2,SO-GAT-CON-2,3,20,S,SO-GAT-CON-2-3-20-S,2018-09-24,seedbank
297,AF,1,38,3,GB,OW,CON,control,15C,control,2,GB-OW-CON-2,3,10,S,GB-OW-CON-2-3-10-S,2018-06-25,seedbank
297,AG,1,38,3,GB,OW,CON,control,15C,control,2,GB-OW-CON-2,3,10,S,GB-OW-CON-2-3-10-S,2018-06-25,seedbank
298,AF,1,38,3,CP,,0,15,15F,burned,3,MV-00-3,2,20,S,MV-00-3-2-2-20-S,2018-06-08,seedbank
298,PG,1,38,3,CP,,0,15,15F,burned,3,MV-00-3,2,20,S,MV-00-3-2-2-20-S,2018-06-08,seedbank
299,AF,5,38,3,SO,GAT,CON,control,30C,control,3,SO-GAT-CON-3,2,10,S,SO-GAT-CON-3-2-10-S,2018-09-24,seedbank
299,SH,2,38,3,SO,GAT,CON,control,30C,control,3,SO-GAT-CON-3,2,10,S,SO-GAT-CON-3-2-10-S,2018-09-24,seedbank
300,AF,8,38,3,GB,RAD,84,30,30F,burned,3,GB-RAD-84-3,3,10,S,GB-RAD-84-3-3-10-S,2018-06-27,seedbank
300,AG,1,38,3,GB,RAD,84,30,30F,burned,3,GB-RAD-84-3,3,10,S,GB-RAD-84-3-3-10-S,2018-06-27,seedbank
300,PF,2,38,3,GB,RAD,84,30,30F,burned,3,GB-RAD-84-3,3,10,S,GB-RAD-84-3-3-10-S,2018-06-27,seedbank
300,PG,3,38,3,GB,RAD,84,30,30F,burned,3,GB-RAD-84-3,3,10,S,GB-RAD-84-3-3-10-S,2018-06-27,seedbank
301,AG,1,38,3,GB,RAD,CON,control,30C,control,2,GB-RAD-CON-2,3,10,I,GB-RAD-CON-2-3-10-I,2018-06-23,seedbank
302,AF,1,38,3,CP,,89,30,30F,burned,1,MV-89-1,2,20,I,MV-89-1-2-2-20-I,2018-06-07,seedbank
302,PF,6,38,3,CP,,89,30,30F,burned,1,MV-89-1,2,20,I,MV-89-1-2-2-20-I,2018-06-07,seedbank
302,PG,11,38,3,CP,,89,30,30F,burned,1,MV-89-1,2,20,I,MV-89-1-2-2-20-I,2018-06-07,seedbank
303,PG,3,38,3,GB,OW,CON,control,15C,control,3,GB-OW-CON-3,3,10,S,GB-OW-CON-3-3-10-S,2018-06-25,seedbank
304,AF,14,38,3,CH,KNT,CON,control,30C,control,2,CH-KNT-CON-2,1,20,I,CH-KNT-CON-2-1-20-I,2018-10-24,seedbank
305,AF,1,39,3,CP,,0,15,15F,burned,2,MV-00-2,2,20,S,MV-00-2-2-2-20-S,2018-06-08,seedbank
305,PG,2,39,3,CP,,0,15,15F,burned,2,MV-00-2,2,20,S,MV-00-2-2-2-20-S,2018-06-08,seedbank
306,AF,3,39,3,CP,,CON,control,con,control,1,MV-CON-1,1,10,I,MV-CON-1-1-1-10-I,2018-06-08,seedbank
306,PF,1,39,3,CP,,CON,control,con,control,1,MV-CON-1,1,10,I,MV-CON-1-1-1-10-I,2018-06-08,seedbank
306,PG,7,39,3,CP,,CON,control,con,control,1,MV-CON-1,1,10,I,MV-CON-1-1-1-10-I,2018-06-08,seedbank
308,AF,1,39,3,CP,,CON,control,con,control,3,MV-CON-3,1,20,I,MV-CON-3-1-1-20-I,2018-06-07,seedbank
308,PF,2,39,3,CP,,CON,control,con,control,3,MV-CON-3,1,20,I,MV-CON-3-1-1-20-I,2018-06-07,seedbank
309,AF,3,39,3,CH,JCB,CON,control,15C,control,2,CH-JCB-CON-2,3,20,I,CH-JCB-CON-2-3-20-I,2018-10-21,seedbank
310,AF,1,39,3,SO,GST,5,15,15F,burned,2,SO-GST-05-2,3,10,S,SO-GST-05-2-3-10-S,2018-09-27,seedbank
310,AG,5,39,3,SO,GST,5,15,15F,burned,2,SO-GST-05-2,3,10,S,SO-GST-05-2-3-10-S,2018-09-27,seedbank
310,SH,2,39,3,SO,GST,5,15,15F,burned,2,SO-GST-05-2,3,10,S,SO-GST-05-2-3-10-S,2018-09-27,seedbank
311,AG,1,39,3,CP,,0,15,15F,burned,3,MV-00-3,1,10,S,MV-00-3-1-1-10-S,2018-06-08,seedbank
311,PF,1,39,3,CP,,0,15,15F,burned,3,MV-00-3,1,10,S,MV-00-3-1-1-10-S,2018-06-08,seedbank
312,AF,1,39,3,CP,,89,30,30F,burned,2,MV-89-2,3,10,I,MV-89-2-3-3-10-I,2018-06-07,seedbank
312,PF,25,39,3,CP,,89,30,30F,burned,2,MV-89-2,3,10,I,MV-89-2-3-3-10-I,2018-06-07,seedbank
312,PG,59,39,3,CP,,89,30,30F,burned,2,MV-89-2,3,10,I,MV-89-2-3-3-10-I,2018-06-07,seedbank
313,AF,1,40,2,GB,RAD,CON,control,30C,control,2,GB-RAD-CON-2,1,10,I,GB-RAD-CON-2-1-10-I,2018-06-23,seedbank
313,AG,1,40,2,GB,RAD,CON,control,30C,control,2,GB-RAD-CON-2,1,10,I,GB-RAD-CON-2-1-10-I,2018-06-23,seedbank
313,PG,2,40,2,GB,RAD,CON,control,30C,control,2,GB-RAD-CON-2,1,10,I,GB-RAD-CON-2-1-10-I,2018-06-23,seedbank
314,AF,42,40,2,CH,JCB,CON,control,15C,control,1,CH-JCB-CON-1,2,10,S,CH-JCB-CON-1-2-10-S,2018-10-21,seedbank
315,AF,4,40,2,SO,GST,CON,control,15C,control,3,SO-GST-CON-3,2,10,S,SO-GST-CON-3-2-10-S,2018-09-26,seedbank
315,AG,2,40,2,SO,GST,CON,control,15C,control,3,SO-GST-CON-3,2,10,S,SO-GST-CON-3-2-10-S,2018-09-26,seedbank
316,AF,2,40,2,GB,RAD,84,30,30F,burned,1,GB-RAD-84-1,2,20,S,GB-RAD-84-1-2-20-S,2018-06-23,seedbank
316,AG,2,40,2,GB,RAD,84,30,30F,burned,1,GB-RAD-84-1,2,20,S,GB-RAD-84-1-2-20-S,2018-06-23,seedbank
317,AF,3,40,2,SO,GST,CON,control,15C,control,1,SO-GST-CON-1,1,10,S,SO-GST-CON-1-1-10-S,2018-09-25,seedbank
317,AG,8,40,2,SO,GST,CON,control,15C,control,1,SO-GST-CON-1,1,10,S,SO-GST-CON-1-1-10-S,2018-09-25,seedbank
318,PG,3,40,2,GB,OW,CON,control,15C,control,2,GB-OW-CON-2,3,20,I,GB-OW-CON-2-3-20-I,2018-06-25,seedbank
319,AF,7,40,2,CH,JCB,CON,control,15C,control,3,CH-JCB-CON-3,3,20,I,CH-JCB-CON-3-3-20-I,2018-10-21,seedbank
320,PG,3,40,2,CP,,89,30,30F,burned,2,MV-89-2,2,20,I,MV-89-2-2-2-20-I,2018-06-07,seedbank
321,AF,2,41,2,SO,GST,5,15,15F,burned,3,SO-GST-05-3,1,10,S,SO-GST-05-3-1-10-S,2018-09-26,seedbank
321,AG,1,41,2,SO,GST,5,15,15F,burned,3,SO-GST-05-3,1,10,S,SO-GST-05-3-1-10-S,2018-09-26,seedbank
321,SH,1,41,2,SO,GST,5,15,15F,burned,3,SO-GST-05-3,1,10,S,SO-GST-05-3-1-10-S,2018-09-26,seedbank
322,PG,2,41,2,GB,OW,1,15,15F,burned,1,GB-OW-01-1,3,20,S,GB-OW-01-1-3-20-S,2018-06-26,seedbank
323,AF,1,41,2,GB,OW,CON,control,15C,control,3,GB-OW-CON-3,1,10,I,GB-OW-CON-3-1-10-I,2018-06-25,seedbank
323,PF,1,41,2,GB,OW,CON,control,15C,control,3,GB-OW-CON-3,1,10,I,GB-OW-CON-3-1-10-I,2018-06-25,seedbank
323,PG,3,41,2,GB,OW,CON,control,15C,control,3,GB-OW-CON-3,1,10,I,GB-OW-CON-3-1-10-I,2018-06-25,seedbank
325,AF,5,41,2,SO,GST,CON,control,15C,control,2,SO-GST-CON-2,3,10,S,SO-GST-CON-2-3-10-S,2018-09-25,seedbank
325,AG,12,41,2,SO,GST,CON,control,15C,control,2,SO-GST-CON-2,3,10,S,SO-GST-CON-2-3-10-S,2018-09-25,seedbank
326,AF,8,41,2,CH,JCB,1,15,15F,burned,2,CH-JCB-01-2,3,10,S,CH-JCB-01-2-3-10-S,2018-10-19,seedbank
327,AF,4,41,2,CH,KNT,89,30,30F,burned,3,CH-KNT-89-3,3,10,S,CH-KNT-89-3-3-10-S,2018-10-22,seedbank
328,PG,3,41,2,GB,OW,1,15,15F,burned,2,GB-OW-01-2,3,20,S,GB-OW-01-2-3-20-S,2018-06-26,seedbank
329,AF,1,42,2,GB,RAD,84,30,30F,burned,3,GB-RAD-84-3,2,20,I,GB-RAD-84-3-2-20-I,2018-06-27,seedbank
329,PF,1,42,2,GB,RAD,84,30,30F,burned,3,GB-RAD-84-3,2,20,I,GB-RAD-84-3-2-20-I,2018-06-27,seedbank
329,PG,159,42,2,GB,RAD,84,30,30F,burned,3,GB-RAD-84-3,2,20,I,GB-RAD-84-3-2-20-I,2018-06-27,seedbank
330,AF,3,42,2,CH,KNT,CON,control,30C,control,1,CH-KNT-CON-1,3,20,S,CH-KNT-CON-1-3-20-S,2018-10-24,seedbank
331,AF,1,42,2,CH,KNT,CON,control,30C,control,2,CH-KNT-CON-2,3,10,S,CH-KNT-CON-2-3-10-S,2018-10-24,seedbank
332,PG,1,42,2,GB,OW,1,15,15F,burned,3,GB-OW-01-3,1,20,I,GB-OW-01-3-1-20-I,2018-06-26,seedbank
333,AF,4,42,2,SO,GST,CON,control,15C,control,1,SO-GST-CON-1,1,20,S,SO-GST-CON-1-1-20-S,2018-09-25,seedbank
333,AG,1,42,2,SO,GST,CON,control,15C,control,1,SO-GST-CON-1,1,20,S,SO-GST-CON-1-1-20-S,2018-09-25,seedbank
334,AF,8,42,2,SO,GST,CON,control,15C,control,2,SO-GST-CON-2,3,20,I,SO-GST-CON-2-3-20-I,2018-09-25,seedbank
334,AG,60,42,2,SO,GST,CON,control,15C,control,2,SO-GST-CON-2,3,20,I,SO-GST-CON-2-3-20-I,2018-09-25,seedbank
335,AF,6,42,2,SO,GAT,CON,control,30C,control,3,SO-GAT-CON-3,3,10,S,SO-GAT-CON-3-3-10-S,2018-09-24,seedbank
335,AG,2,42,2,SO,GAT,CON,control,30C,control,3,SO-GAT-CON-3,3,10,S,SO-GAT-CON-3-3-10-S,2018-09-24,seedbank
336,AF,6,42,2,CH,KNT,CON,control,30C,control,2,CH-KNT-CON-2,3,20,I,CH-KNT-CON-2-3-20-I,2018-10-24,seedbank
337,AF,25,43,1,CH,KNT,89,30,30F,burned,3,CH-KNT-89-3,1,20,S,CH-KNT-89-3-1-20-S,2018-10-22,seedbank
337,PG,1,43,1,CH,KNT,89,30,30F,burned,3,CH-KNT-89-3,1,20,S,CH-KNT-89-3-1-20-S,2018-10-22,seedbank
338,AF,1,43,1,GB,OW,CON,control,15C,control,1,GB-OW-CON-1,3,10,S,GB-OW-CON-1-3-10-S,2018-06-26,seedbank
338,PG,4,43,1,GB,OW,CON,control,15C,control,1,GB-OW-CON-1,3,10,S,GB-OW-CON-1-3-10-S,2018-06-26,seedbank
339,AG,1,43,1,SO,GST,5,15,15F,burned,2,SO-GST-05-2,3,10,I,SO-GST-05-2-3-10-I,2018-09-27,seedbank
340,AF,2,43,1,SO,GST,5,15,15F,burned,2,SO-GST-05-2,2,20,I,SO-GST-05-2-2-20-I,2018-09-27,seedbank
341,AF,1,43,1,CH,KNT,89,30,30F,burned,2,CH-KNT-89-2,1,20,S,CH-KNT-89-2-1-20-S,2018-10-22,seedbank
342,AF,15,43,1,CH,JCB,1,15,15F,burned,1,CH-JCB-01-1,1,20,I,CH-JCB-01-1-1-20-I,2018-10-20,seedbank
343,AF,11,43,1,CH,KNT,89,30,30F,burned,1,CH-KNT-89-1,2,10,I,CH-KNT-89-1-2-10-I,2018-10-22,seedbank
344,AF,1,43,1,GB,OW,1,15,15F,burned,2,GB-OW-01-2,3,10,S,GB-OW-01-2-3-10-S,2018-06-26,seedbank
344,AG,1,43,1,GB,OW,1,15,15F,burned,2,GB-OW-01-2,3,10,S,GB-OW-01-2-3-10-S,2018-06-26,seedbank
344,PG,17,43,1,GB,OW,1,15,15F,burned,2,GB-OW-01-2,3,10,S,GB-OW-01-2-3-10-S,2018-06-26,seedbank
344,SH,3,43,1,GB,OW,1,15,15F,burned,2,GB-OW-01-2,3,10,S,GB-OW-01-2-3-10-S,2018-06-26,seedbank
345,AF,1,44,1,CP,,CON,control,con,control,3,MV-CON-3,1,10,S,MV-CON-3-1-1-10-S,2018-06-07,seedbank
346,AF,6,44,1,SO,GST,5,15,15F,burned,3,SO-GST-05-3,1,20,I,SO-GST-05-3-1-20-I,2018-09-26,seedbank
346,AG,3,44,1,SO,GST,5,15,15F,burned,3,SO-GST-05-3,1,20,I,SO-GST-05-3-1-20-I,2018-09-26,seedbank
346,SH,2,44,1,SO,GST,5,15,15F,burned,3,SO-GST-05-3,1,20,I,SO-GST-05-3-1-20-I,2018-09-26,seedbank
347,AF,54,44,1,CH,KNT,CON,control,30C,control,1,CH-KNT-CON-1,3,10,S,CH-KNT-CON-1-3-10-S,2018-10-24,seedbank
348,AF,1,44,1,CP,,0,15,15F,burned,1,MV-00-1,2,10,I,MV-00-1-2-2-10-I,2018-06-08,seedbank
349,AG,8,44,1,GB,RAD,84,30,30F,burned,2,GB-RAD-84-2,2,20,S,GB-RAD-84-2-2-20-S,2018-06-23,seedbank
349,PF,3,44,1,GB,RAD,84,30,30F,burned,2,GB-RAD-84-2,2,20,S,GB-RAD-84-2-2-20-S,2018-06-23,seedbank
350,AF,18,44,1,SO,GAT,CON,control,30C,control,1,SO-GAT-CON-1,3,10,S,SO-GAT-CON-1-3-10-S,2018-09-24,seedbank
350,AG,1,44,1,SO,GAT,CON,control,30C,control,1,SO-GAT-CON-1,3,10,S,SO-GAT-CON-1-3-10-S,2018-09-24,seedbank
350,SH,1,44,1,SO,GAT,CON,control,30C,control,1,SO-GAT-CON-1,3,10,S,SO-GAT-CON-1-3-10-S,2018-09-24,seedbank
352,AF,1,44,1,SO,GST,CON,control,15C,control,3,SO-GST-CON-3,2,10,I,SO-GST-CON-3-2-10-I,2018-09-26,seedbank
352,AG,1,44,1,SO,GST,CON,control,15C,control,3,SO-GST-CON-3,2,10,I,SO-GST-CON-3-2-10-I,2018-09-26,seedbank
353,AF,11,45,6,SO,GAT,80,30,30F,burned,2,SO-GAT-80-2,2,20,I,SO-GAT-80-2-2-20-I,2018-09-23,seedbank
353,AG,1,45,6,SO,GAT,80,30,30F,burned,2,SO-GAT-80-2,2,20,I,SO-GAT-80-2-2-20-I,2018-09-23,seedbank
353,SH,1,45,6,SO,GAT,80,30,30F,burned,2,SO-GAT-80-2,2,20,I,SO-GAT-80-2-2-20-I,2018-09-23,seedbank
354,AF,6,45,6,SO,GAT,80,30,30F,burned,2,SO-GAT-80-2,1,10,S,SO-GAT-80-2-1-10-S,2018-09-23,seedbank
354,SH,6,45,6,SO,GAT,80,30,30F,burned,2,SO-GAT-80-2,1,10,S,SO-GAT-80-2-1-10-S,2018-09-23,seedbank
355,AF,1,45,6,GB,OW,CON,control,15C,control,1,GB-OW-CON-1,2,20,S,GB-OW-CON-1-2-20-S,2018-06-26,seedbank
355,PG,1,45,6,GB,OW,CON,control,15C,control,1,GB-OW-CON-1,2,20,S,GB-OW-CON-1-2-20-S,2018-06-26,seedbank
356,PF,4,45,6,CP,,89,30,30F,burned,3,MV-89-3,1,20,I,MV-89-3-1-1-20-I,2018-06-07,seedbank
356,PG,27,45,6,CP,,89,30,30F,burned,3,MV-89-3,1,20,I,MV-89-3-1-1-20-I,2018-06-07,seedbank
357,AF,2,45,6,GB,RAD,CON,control,30C,control,1,GB-RAD-CON-1,3,10,S,GB-RAD-CON-1-3-10-S,2018-06-23,seedbank
357,AG,1,45,6,GB,RAD,CON,control,30C,control,1,GB-RAD-CON-1,3,10,S,GB-RAD-CON-1-3-10-S,2018-06-23,seedbank
358,AF,9,45,6,CP,,CON,control,con,control,1,MV-CON-1,2,20,I,MV-CON-1-2-2-20-I,2018-06-08,seedbank
358,PF,5,45,6,CP,,CON,control,con,control,1,MV-CON-1,2,20,I,MV-CON-1-2-2-20-I,2018-06-08,seedbank
359,AF,24,45,6,SO,GAT,CON,control,30C,control,1,SO-GAT-CON-1,1,20,S,SO-GAT-CON-1-1-20-S,2018-09-24,seedbank
359,AG,2,45,6,SO,GAT,CON,control,30C,control,1,SO-GAT-CON-1,1,20,S,SO-GAT-CON-1-1-20-S,2018-09-24,seedbank
361,AF,2,46,6,GB,RAD,CON,control,30C,control,3,GB-RAD-CON-3,3,20,I,GB-RAD-CON-3-3-20-I,2018-06-23,seedbank
363,AF,18,46,6,CH,JCB,CON,control,15C,control,1,CH-JCB-CON-1,2,10,I,CH-JCB-CON-1-2-10-I,2018-10-21,seedbank
363,PF,1,46,6,CH,JCB,CON,control,15C,control,1,CH-JCB-CON-1,2,10,I,CH-JCB-CON-1-2-10-I,2018-10-21,seedbank
364,PG,3,46,6,GB,OW,1,15,15F,burned,1,GB-OW-01-1,2,20,I,GB-OW-01-1-2-20-I,2018-06-26,seedbank
365,AF,21,46,6,SO,GAT,80,30,30F,burned,3,SO-GAT-80-3,3,20,I,SO-GAT-80-3-3-20-I,2018-09-23,seedbank
365,AG,12,46,6,SO,GAT,80,30,30F,burned,3,SO-GAT-80-3,3,20,I,SO-GAT-80-3-3-20-I,2018-09-23,seedbank
366,AF,15,46,6,SO,GAT,80,30,30F,burned,1,SO-GAT-80-1,3,20,I,SO-GAT-80-1-3-20-I,2018-09-23,seedbank
366,SH,1,46,6,SO,GAT,80,30,30F,burned,1,SO-GAT-80-1,3,20,I,SO-GAT-80-1-3-20-I,2018-09-23,seedbank
367,AF,13,46,6,CH,JCB,CON,control,15C,control,1,CH-JCB-CON-1,1,20,S,CH-JCB-CON-1-1-20-S,2018-10-21,seedbank
368,AF,13,46,6,CH,JCB,CON,control,15C,control,2,CH-JCB-CON-2,3,20,S,CH-JCB-CON-2-3-20-S,2018-10-21,seedbank
368,PG,1,46,6,CH,JCB,CON,control,15C,control,2,CH-JCB-CON-2,3,20,S,CH-JCB-CON-2-3-20-S,2018-10-21,seedbank
370,AF,4,47,6,GB,RAD,CON,control,30C,control,1,GB-RAD-CON-1,3,20,I,GB-RAD-CON-1-3-20-I,2018-06-23,seedbank
370,AG,2,47,6,GB,RAD,CON,control,30C,control,1,GB-RAD-CON-1,3,20,I,GB-RAD-CON-1-3-20-I,2018-06-23,seedbank
371,AF,2,47,6,CH,JCB,1,15,15F,burned,3,CH-JCB-01-3,3,20,I,CH-JCB-01-3-3-20-I,2018-10-20,seedbank
372,AF,1,47,6,GB,RAD,84,30,30F,burned,2,GB-RAD-84-2,3,20,I,GB-RAD-84-2-3-20-I,2018-06-23,seedbank
372,AG,1,47,6,GB,RAD,84,30,30F,burned,2,GB-RAD-84-2,3,20,I,GB-RAD-84-2-3-20-I,2018-06-23,seedbank
372,PG,2,47,6,GB,RAD,84,30,30F,burned,2,GB-RAD-84-2,3,20,I,GB-RAD-84-2-3-20-I,2018-06-23,seedbank
373,AF,1,47,6,GB,RAD,84,30,30F,burned,1,GB-RAD-84-1,2,10,S,GB-RAD-84-1-2-10-S,2018-06-23,seedbank
373,AG,1,47,6,GB,RAD,84,30,30F,burned,1,GB-RAD-84-1,2,10,S,GB-RAD-84-1-2-10-S,2018-06-23,seedbank
373,PG,1,47,6,GB,RAD,84,30,30F,burned,1,GB-RAD-84-1,2,10,S,GB-RAD-84-1-2-10-S,2018-06-23,seedbank
374,AF,9,47,6,CH,KNT,89,30,30F,burned,1,CH-KNT-89-1,3,10,S,CH-KNT-89-1-3-10-S,2018-10-22,seedbank
374,AG,1,47,6,CH,KNT,89,30,30F,burned,1,CH-KNT-89-1,3,10,S,CH-KNT-89-1-3-10-S,2018-10-22,seedbank
375,AF,11,47,6,SO,GAT,80,30,30F,burned,2,SO-GAT-80-2,3,10,S,SO-GAT-80-2-3-10-S,2018-09-23,seedbank
375,SH,3,47,6,SO,GAT,80,30,30F,burned,2,SO-GAT-80-2,3,10,S,SO-GAT-80-2-3-10-S,2018-09-23,seedbank
376,AF,7,47,6,CH,KNT,CON,control,30C,control,2,CH-KNT-CON-2,1,10,I,CH-KNT-CON-2-1-10-I,2018-10-24,seedbank
378,AF,2,48,5,CP,,89,30,30F,burned,1,MV-89-1,2,20,S,MV-89-1-2-2-20-S,2018-06-07,seedbank
378,AG,4,48,5,CP,,89,30,30F,burned,1,MV-89-1,2,20,S,MV-89-1-2-2-20-S,2018-06-07,seedbank
378,PF,6,48,5,CP,,89,30,30F,burned,1,MV-89-1,2,20,S,MV-89-1-2-2-20-S,2018-06-07,seedbank
378,PG,23,48,5,CP,,89,30,30F,burned,1,MV-89-1,2,20,S,MV-89-1-2-2-20-S,2018-06-07,seedbank
379,AF,3,48,5,CP,,89,30,30F,burned,2,MV-89-2,2,10,I,MV-89-2-2-2-10-I,2018-06-07,seedbank
379,PG,1,48,5,CP,,89,30,30F,burned,2,MV-89-2,2,10,I,MV-89-2-2-2-10-I,2018-06-07,seedbank
380,AG,1,48,5,CP,,0,15,15F,burned,1,MV-00-1,3,10,S,MV-00-1-3-3-10-S,2018-06-08,seedbank
381,AF,12,48,5,SO,GST,CON,control,15C,control,1,SO-GST-CON-1,2,20,S,SO-GST-CON-1-2-20-S,2018-09-25,seedbank
381,SH,1,48,5,SO,GST,CON,control,15C,control,1,SO-GST-CON-1,2,20,S,SO-GST-CON-1-2-20-S,2018-09-25,seedbank
382,AF,13,48,5,CH,JCB,CON,control,15C,control,2,CH-JCB-CON-2,1,20,S,CH-JCB-CON-2-1-20-S,2018-10-21,seedbank
383,AF,1,48,5,SO,GST,5,15,15F,burned,1,SO-GST-05-1,3,20,I,SO-GST-05-1-3-20-I,2018-09-27,seedbank
383,AG,5,48,5,SO,GST,5,15,15F,burned,1,SO-GST-05-1,3,20,I,SO-GST-05-1-3-20-I,2018-09-27,seedbank
384,PG,5,48,5,GB,OW,CON,control,15C,control,1,GB-OW-CON-1,2,10,I,GB-OW-CON-1-2-10-I,2018-06-26,seedbank
385,AF,3,49,5,CH,JCB,1,15,15F,burned,3,CH-JCB-01-3,1,20,S,CH-JCB-01-3-1-20-S,2018-10-20,seedbank
385,PF,1,49,5,CH,JCB,1,15,15F,burned,3,CH-JCB-01-3,1,20,S,CH-JCB-01-3-1-20-S,2018-10-20,seedbank
386,AF,13,49,5,CH,JCB,1,15,15F,burned,2,CH-JCB-01-2,2,20,S,CH-JCB-01-2-2-20-S,2018-10-19,seedbank
387,AF,1,49,5,GB,OW,1,15,15F,burned,2,GB-OW-01-2,2,20,I,GB-OW-01-2-2-20-I,2018-06-26,seedbank
387,PG,1,49,5,GB,OW,1,15,15F,burned,2,GB-OW-01-2,2,20,I,GB-OW-01-2-2-20-I,2018-06-26,seedbank
388,AF,3,49,5,GB,RAD,84,30,30F,burned,2,GB-RAD-84-2,1,10,S,GB-RAD-84-2-1-10-S,2018-06-23,seedbank
388,AG,16,49,5,GB,RAD,84,30,30F,burned,2,GB-RAD-84-2,1,10,S,GB-RAD-84-2-1-10-S,2018-06-23,seedbank
388,PG,6,49,5,GB,RAD,84,30,30F,burned,2,GB-RAD-84-2,1,10,S,GB-RAD-84-2-1-10-S,2018-06-23,seedbank
388,SH,1,49,5,GB,RAD,84,30,30F,burned,2,GB-RAD-84-2,1,10,S,GB-RAD-84-2-1-10-S,2018-06-23,seedbank
389,AF,6,49,5,CP,,CON,control,con,control,1,MV-CON-1,2,10,S,MV-CON-1-2-2-10-S,2018-06-08,seedbank
390,AF,1,49,5,GB,RAD,CON,control,30C,control,3,GB-RAD-CON-3,2,20,I,GB-RAD-CON-3-2-20-I,2018-06-24,seedbank
391,AG,6,49,5,SO,GST,5,15,15F,burned,2,SO-GST-05-2,1,20,I,SO-GST-05-2-1-20-I,2018-09-27,seedbank
392,AF,9,49,5,SO,GAT,CON,control,30C,control,1,SO-GAT-CON-1,2,20,S,SO-GAT-CON-1-2-20-S,2018-09-24,seedbank
392,SH,3,49,5,SO,GAT,CON,control,30C,control,1,SO-GAT-CON-1,2,20,S,SO-GAT-CON-1-2-20-S,2018-09-24,seedbank
393,AF,21,50,5,CH,JCB,CON,control,15C,control,3,CH-JCB-CON-3,2,10,S,CH-JCB-CON-3-2-10-S,2018-10-21,seedbank
394,AF,3,50,5,CP,,CON,control,con,control,2,MV-CON-2,2,20,I,MV-CON-2-2-2-20-I,2018-06-07,seedbank
395,PG,8,50,5,GB,OW,1,15,15F,burned,1,GB-OW-01-1,2,20,S,GB-OW-01-1-2-20-S,2018-06-26,seedbank
396,AG,11,50,5,SO,GST,5,15,15F,burned,1,SO-GST-05-1,1,10,I,SO-GST-05-1-1-10-I,2018-09-27,seedbank
397,AF,1,50,5,SO,GST,CON,control,15C,control,3,SO-GST-CON-3,2,20,I,SO-GST-CON-3-2-20-I,2018-09-26,seedbank
397,AG,4,50,5,SO,GST,CON,control,15C,control,3,SO-GST-CON-3,2,20,I,SO-GST-CON-3-2-20-I,2018-09-26,seedbank
398,AF,1,50,5,GB,OW,1,15,15F,burned,3,GB-OW-01-3,2,20,I,GB-OW-01-3-2-20-I,2018-06-26,seedbank
398,PG,2,50,5,GB,OW,1,15,15F,burned,3,GB-OW-01-3,2,20,I,GB-OW-01-3-2-20-I,2018-06-26,seedbank
399,AF,2,50,5,SO,GAT,CON,control,30C,control,2,SO-GAT-CON-2,3,20,I,SO-GAT-CON-2-3-20-I,2018-09-24,seedbank
399,AG,3,50,5,SO,GAT,CON,control,30C,control,2,SO-GAT-CON-2,3,20,I,SO-GAT-CON-2-3-20-I,2018-09-24,seedbank
400,PG,2,50,5,CP,,CON,control,con,control,2,MV-CON-2,1,20,S,MV-CON-2-1-1-20-S,2018-06-07,seedbank
401,AF,1,51,5,CP,,89,30,30F,burned,3,MV-89-3,3,20,S,MV-89-3-3-3-20-S,2018-06-07,seedbank
401,PF,1,51,5,CP,,89,30,30F,burned,3,MV-89-3,3,20,S,MV-89-3-3-3-20-S,2018-06-07,seedbank
401,PG,14,51,5,CP,,89,30,30F,burned,3,MV-89-3,3,20,S,MV-89-3-3-3-20-S,2018-06-07,seedbank
402,AF,1,51,5,GB,RAD,84,30,30F,burned,1,GB-RAD-84-1,1,20,I,GB-RAD-84-1-1-20-I,2018-06-23,seedbank
402,AG,1,51,5,GB,RAD,84,30,30F,burned,1,GB-RAD-84-1,1,20,I,GB-RAD-84-1-1-20-I,2018-06-23,seedbank
403,AF,6,51,5,CH,KNT,89,30,30F,burned,2,CH-KNT-89-2,2,20,I,CH-KNT-89-2-2-20-I,2018-10-22,seedbank
404,AF,5,51,5,CH,KNT,89,30,30F,burned,3,CH-KNT-89-3,1,10,S,CH-KNT-89-3-1-10-S,2018-10-22,seedbank
404,PG,1,51,5,CH,KNT,89,30,30F,burned,3,CH-KNT-89-3,1,10,S,CH-KNT-89-3-1-10-S,2018-10-22,seedbank
405,AF,17,51,5,SO,GST,CON,control,15C,control,2,SO-GST-CON-2,1,20,S,SO-GST-CON-2-1-20-S,2018-09-25,seedbank
405,AG,8,51,5,SO,GST,CON,control,15C,control,2,SO-GST-CON-2,1,20,S,SO-GST-CON-2-1-20-S,2018-09-25,seedbank
405,SH,1,51,5,SO,GST,CON,control,15C,control,2,SO-GST-CON-2,1,20,S,SO-GST-CON-2-1-20-S,2018-09-25,seedbank
406,AF,20,51,5,CH,JCB,CON,control,15C,control,1,CH-JCB-CON-1,1,20,I,CH-JCB-CON-1-1-20-I,2018-10-21,seedbank
407,AF,11,51,5,SO,GAT,80,30,30F,burned,2,SO-GAT-80-2,1,20,S,SO-GAT-80-2-1-20-S,2018-09-23,seedbank
407,AG,3,51,5,SO,GAT,80,30,30F,burned,2,SO-GAT-80-2,1,20,S,SO-GAT-80-2-1-20-S,2018-09-23,seedbank
409,AF,1,52,5,GB,RAD,CON,control,30C,control,2,GB-RAD-CON-2,3,10,S,GB-RAD-CON-2-3-10-S,2018-06-23,seedbank
410,AF,7,52,5,CH,JCB,1,15,15F,burned,1,CH-JCB-01-1,3,10,S,CH-JCB-01-1-3-10-S,2018-10-20,seedbank
411,AF,3,52,5,CH,JCB,CON,control,15C,control,2,CH-JCB-CON-2,1,20,I,CH-JCB-CON-2-1-20-I,2018-10-21,seedbank
412,AF,7,52,5,CH,JCB,1,15,15F,burned,3,CH-JCB-01-3,3,20,S,CH-JCB-01-3-3-20-S,2018-10-20,seedbank
413,PF,7,52,5,CP,,CON,control,con,control,1,MV-CON-1,3,20,S,MV-CON-1-3-3-20-S,2018-06-08,seedbank
414,AF,1,52,5,CP,,CON,control,con,control,1,MV-CON-1,1,20,I,MV-CON-1-1-1-20-I,2018-06-08,seedbank
414,PF,1,52,5,CP,,CON,control,con,control,1,MV-CON-1,1,20,I,MV-CON-1-1-1-20-I,2018-06-08,seedbank
414,PG,5,52,5,CP,,CON,control,con,control,1,MV-CON-1,1,20,I,MV-CON-1-1-1-20-I,2018-06-08,seedbank
415,AF,1,52,5,GB,OW,CON,control,15C,control,2,GB-OW-CON-2,3,10,I,GB-OW-CON-2-3-10-I,2018-06-25,seedbank
418,AF,9,53,5,CH,KNT,89,30,30F,burned,3,CH-KNT-89-3,2,20,S,CH-KNT-89-3-2-20-S,2018-10-22,seedbank
419,AF,13,53,5,SO,GAT,80,30,30F,burned,3,SO-GAT-80-3,2,20,S,SO-GAT-80-3-2-20-S,2018-09-23,seedbank
419,AG,1,53,5,SO,GAT,80,30,30F,burned,3,SO-GAT-80-3,2,20,S,SO-GAT-80-3-2-20-S,2018-09-23,seedbank
419,PF,1,53,5,SO,GAT,80,30,30F,burned,3,SO-GAT-80-3,2,20,S,SO-GAT-80-3-2-20-S,2018-09-23,seedbank
420,AF,4,53,5,GB,RAD,84,30,30F,burned,1,GB-RAD-84-1,3,10,I,GB-RAD-84-1-3-10-I,2018-06-23,seedbank
420,AG,1,53,5,GB,RAD,84,30,30F,burned,1,GB-RAD-84-1,3,10,I,GB-RAD-84-1-3-10-I,2018-06-23,seedbank
421,AF,2,53,5,SO,GST,5,15,15F,burned,3,SO-GST-05-3,2,10,S,SO-GST-05-3-2-10-S,2018-09-26,seedbank
421,AG,3,53,5,SO,GST,5,15,15F,burned,3,SO-GST-05-3,2,10,S,SO-GST-05-3-2-10-S,2018-09-26,seedbank
421,SH,1,53,5,SO,GST,5,15,15F,burned,3,SO-GST-05-3,2,10,S,SO-GST-05-3-2-10-S,2018-09-26,seedbank
422,PG,2,53,5,GB,OW,1,15,15F,burned,3,GB-OW-01-3,1,10,S,GB-OW-01-3-1-10-S,2018-06-26,seedbank
423,AF,7,53,5,CH,KNT,89,30,30F,burned,2,CH-KNT-89-2,3,20,S,CH-KNT-89-2-3-20-S,2018-10-22,seedbank
423,AG,1,53,5,CH,KNT,89,30,30F,burned,2,CH-KNT-89-2,3,20,S,CH-KNT-89-2-3-20-S,2018-10-22,seedbank
424,AF,4,53,5,CH,JCB,CON,control,15C,control,3,CH-JCB-CON-3,1,20,I,CH-JCB-CON-3-1-20-I,2018-10-21,seedbank
425,AF,22,54,6,SO,GAT,CON,control,30C,control,2,SO-GAT-CON-2,1,20,S,SO-GAT-CON-2-1-20-S,2018-09-24,seedbank
425,AG,2,54,6,SO,GAT,CON,control,30C,control,2,SO-GAT-CON-2,1,20,S,SO-GAT-CON-2-1-20-S,2018-09-24,seedbank
426,AF,7,54,6,CH,KNT,CON,control,30C,control,1,CH-KNT-CON-1,2,20,I,CH-KNT-CON-1-2-20-I,2018-10-24,seedbank
427,AF,2,54,6,GB,OW,1,15,15F,burned,2,GB-OW-01-2,2,10,I,GB-OW-01-2-2-10-I,2018-06-26,seedbank
427,AG,1,54,6,GB,OW,1,15,15F,burned,2,GB-OW-01-2,2,10,I,GB-OW-01-2-2-10-I,2018-06-26,seedbank
427,PG,9,54,6,GB,OW,1,15,15F,burned,2,GB-OW-01-2,2,10,I,GB-OW-01-2-2-10-I,2018-06-26,seedbank
428,AF,1,54,6,SO,GST,CON,control,15C,control,1,SO-GST-CON-1,2,10,I,SO-GST-CON-1-2-10-I,2018-09-25,seedbank
428,AG,9,54,6,SO,GST,CON,control,15C,control,1,SO-GST-CON-1,2,10,I,SO-GST-CON-1-2-10-I,2018-09-25,seedbank
429,AF,1,54,6,GB,RAD,84,30,30F,burned,3,GB-RAD-84-3,3,10,I,GB-RAD-84-3-3-10-I,2018-06-27,seedbank
429,PF,3,54,6,GB,RAD,84,30,30F,burned,3,GB-RAD-84-3,3,10,I,GB-RAD-84-3-3-10-I,2018-06-27,seedbank
431,AF,1,54,6,GB,RAD,CON,control,30C,control,2,GB-RAD-CON-2,2,20,S,GB-RAD-CON-2-2-20-S,2018-06-23,seedbank
431,PF,2,54,6,GB,RAD,CON,control,30C,control,2,GB-RAD-CON-2,2,20,S,GB-RAD-CON-2-2-20-S,2018-06-23,seedbank
432,AF,4,54,6,CH,JCB,CON,control,15C,control,1,CH-JCB-CON-1,1,10,I,CH-JCB-CON-1-1-10-I,2018-10-21,seedbank
434,AF,1,55,6,SO,GST,5,15,15F,burned,2,SO-GST-05-2,1,10,S,SO-GST-05-2-1-10-S,2018-09-27,seedbank
434,AG,3,55,6,SO,GST,5,15,15F,burned,2,SO-GST-05-2,1,10,S,SO-GST-05-2-1-10-S,2018-09-27,seedbank
434,SH,4,55,6,SO,GST,5,15,15F,burned,2,SO-GST-05-2,1,10,S,SO-GST-05-2-1-10-S,2018-09-27,seedbank
435,AF,13,55,6,CH,KNT,89,30,30F,burned,1,CH-KNT-89-1,1,20,I,CH-KNT-89-1-1-20-I,2018-10-22,seedbank
437,AF,1,55,6,SO,GAT,CON,control,30C,control,3,SO-GAT-CON-3,1,20,I,SO-GAT-CON-3-1-20-I,2018-09-24,seedbank
438,AF,31,55,6,SO,GST,CON,control,15C,control,2,SO-GST-CON-2,1,10,S,SO-GST-CON-2-1-10-S,2018-09-25,seedbank
438,AG,22,55,6,SO,GST,CON,control,15C,control,2,SO-GST-CON-2,1,10,S,SO-GST-CON-2-1-10-S,2018-09-25,seedbank
438,SH,1,55,6,SO,GST,CON,control,15C,control,2,SO-GST-CON-2,1,10,S,SO-GST-CON-2-1-10-S,2018-09-25,seedbank
439,AF,9,55,6,SO,GAT,80,30,30F,burned,3,SO-GAT-80-3,1,20,S,SO-GAT-80-3-1-20-S,2018-09-23,seedbank
439,AG,1,55,6,SO,GAT,80,30,30F,burned,3,SO-GAT-80-3,1,20,S,SO-GAT-80-3-1-20-S,2018-09-23,seedbank
439,SH,5,55,6,SO,GAT,80,30,30F,burned,3,SO-GAT-80-3,1,20,S,SO-GAT-80-3-1-20-S,2018-09-23,seedbank
440,PG,3,55,6,GB,OW,1,15,15F,burned,3,GB-OW-01-3,1,20,S,GB-OW-01-3-1-20-S,2018-06-26,seedbank
442,AF,5,56,6,GB,RAD,84,30,30F,burned,1,GB-RAD-84-1,1,10,S,GB-RAD-84-1-1-10-S,2018-06-23,seedbank
443,PF,1,56,6,CP,,CON,control,con,control,1,MV-CON-1,2,10,I,MV-CON-1-2-2-10-I,2018-06-08,seedbank
444,AF,4,56,6,CH,JCB,1,15,15F,burned,1,CH-JCB-01-1,2,10,I,CH-JCB-01-1-2-10-I,2018-10-20,seedbank
446,AF,1,56,6,CH,KNT,CON,control,30C,control,3,CH-KNT-CON-3,1,10,S,CH-KNT-CON-3-1-10-S,2018-10-24,seedbank
447,AG,6,56,6,SO,GAT,CON,control,30C,control,3,SO-GAT-CON-3,3,20,I,SO-GAT-CON-3-3-20-I,2018-09-24,seedbank
448,AF,5,56,6,CH,KNT,CON,control,30C,control,3,CH-KNT-CON-3,3,10,S,CH-KNT-CON-3-3-10-S,2018-10-24,seedbank
449,AF,5,57,6,SO,GST,CON,control,15C,control,1,SO-GST-CON-1,3,20,S,SO-GST-CON-1-3-20-S,2018-09-25,seedbank
449,AG,2,57,6,SO,GST,CON,control,15C,control,1,SO-GST-CON-1,3,20,S,SO-GST-CON-1-3-20-S,2018-09-25,seedbank
450,AF,7,57,6,CH,JCB,1,15,15F,burned,2,CH-JCB-01-2,1,10,I,CH-JCB-01-2-1-10-I,2018-10-19,seedbank
451,AF,1,57,6,CP,,CON,control,con,control,2,MV-CON-2,1,10,I,MV-CON-2-1-1-10-I,2018-06-07,seedbank
451,PF,1,57,6,CP,,CON,control,con,control,2,MV-CON-2,1,10,I,MV-CON-2-1-1-10-I,2018-06-07,seedbank
452,AF,7,57,6,GB,RAD,CON,control,30C,control,2,GB-RAD-CON-2,1,20,I,GB-RAD-CON-2-1-20-I,2018-06-23,seedbank
452,AG,11,57,6,GB,RAD,CON,control,30C,control,2,GB-RAD-CON-2,1,20,I,GB-RAD-CON-2-1-20-I,2018-06-23,seedbank
453,PG,1,57,6,CP,,CON,control,con,control,2,MV-CON-2,3,10,S,MV-CON-2-3-3-10-S,2018-06-07,seedbank
454,AF,1,57,6,GB,RAD,84,30,30F,burned,1,GB-RAD-84-1,2,10,I,GB-RAD-84-1-2-10-I,2018-06-23,seedbank
454,AG,1,57,6,GB,RAD,84,30,30F,burned,1,GB-RAD-84-1,2,10,I,GB-RAD-84-1-2-10-I,2018-06-23,seedbank
454,PG,16,57,6,GB,RAD,84,30,30F,burned,1,GB-RAD-84-1,2,10,I,GB-RAD-84-1-2-10-I,2018-06-23,seedbank
455,AF,10,57,6,SO,GAT,80,30,30F,burned,3,SO-GAT-80-3,2,10,S,SO-GAT-80-3-2-10-S,2018-09-23,seedbank
455,AG,2,57,6,SO,GAT,80,30,30F,burned,3,SO-GAT-80-3,2,10,S,SO-GAT-80-3-2-10-S,2018-09-23,seedbank
455,PF,1,57,6,SO,GAT,80,30,30F,burned,3,SO-GAT-80-3,2,10,S,SO-GAT-80-3-2-10-S,2018-09-23,seedbank
456,AF,13,57,6,GB,RAD,84,30,30F,burned,2,GB-RAD-84-2,2,10,I,GB-RAD-84-2-2-10-I,2018-06-23,seedbank
456,AG,29,57,6,GB,RAD,84,30,30F,burned,2,GB-RAD-84-2,2,10,I,GB-RAD-84-2-2-10-I,2018-06-23,seedbank
456,PG,3,57,6,GB,RAD,84,30,30F,burned,2,GB-RAD-84-2,2,10,I,GB-RAD-84-2-2-10-I,2018-06-23,seedbank
457,PF,1,58,6,CP,,CON,control,con,control,3,MV-CON-3,2,20,S,MV-CON-3-2-2-20-S,2018-06-07,seedbank
457,PG,11,58,6,CP,,CON,control,con,control,3,MV-CON-3,2,20,S,MV-CON-3-2-2-20-S,2018-06-07,seedbank
458,AF,5,58,6,CH,JCB,1,15,15F,burned,1,CH-JCB-01-1,3,10,I,CH-JCB-01-1-3-10-I,2018-10-20,seedbank
459,AF,4,58,6,SO,GST,CON,control,15C,control,2,SO-GST-CON-2,2,10,I,SO-GST-CON-2-2-10-I,2018-09-25,seedbank
459,AG,6,58,6,SO,GST,CON,control,15C,control,2,SO-GST-CON-2,2,10,I,SO-GST-CON-2-2-10-I,2018-09-25,seedbank
460,AF,14,58,6,CH,KNT,89,30,30F,burned,1,CH-KNT-89-1,1,20,S,CH-KNT-89-1-1-20-S,2018-10-22,seedbank
461,AF,3,58,6,SO,GAT,80,30,30F,burned,3,SO-GAT-80-3,2,10,I,SO-GAT-80-3-2-10-I,2018-09-23,seedbank
461,AG,2,58,6,SO,GAT,80,30,30F,burned,3,SO-GAT-80-3,2,10,I,SO-GAT-80-3-2-10-I,2018-09-23,seedbank
462,AF,3,58,6,SO,GAT,80,30,30F,burned,3,SO-GAT-80-3,3,10,I,SO-GAT-80-3-3-10-I,2018-09-23,seedbank
463,AF,2,58,6,SO,GST,CON,control,15C,control,1,SO-GST-CON-1,2,10,S,SO-GST-CON-1-2-10-S,2018-09-25,seedbank
463,AG,4,58,6,SO,GST,CON,control,15C,control,1,SO-GST-CON-1,2,10,S,SO-GST-CON-1-2-10-S,2018-09-25,seedbank
463,SH,2,58,6,SO,GST,CON,control,15C,control,1,SO-GST-CON-1,2,10,S,SO-GST-CON-1-2-10-S,2018-09-25,seedbank
464,AF,1,58,6,CP,,89,30,30F,burned,2,MV-89-2,1,20,I,MV-89-2-1-1-20-I,2018-06-07,seedbank
464,PF,3,58,6,CP,,89,30,30F,burned,2,MV-89-2,1,20,I,MV-89-2-1-1-20-I,2018-06-07,seedbank
464,PG,8,58,6,CP,,89,30,30F,burned,2,MV-89-2,1,20,I,MV-89-2-1-1-20-I,2018-06-07,seedbank
465,AF,1,59,6,SO,GST,CON,control,15C,control,3,SO-GST-CON-3,3,10,I,SO-GST-CON-3-3-10-I,2018-09-26,seedbank
466,AF,1,59,6,GB,OW,1,15,15F,burned,1,GB-OW-01-1,2,10,I,GB-OW-01-1-2-10-I,2018-06-26,seedbank
466,PG,3,59,6,GB,OW,1,15,15F,burned,1,GB-OW-01-1,2,10,I,GB-OW-01-1-2-10-I,2018-06-26,seedbank
467,PF,2,59,6,CP,,0,15,15F,burned,2,MV-00-2,2,20,I,MV-00-2-2-2-20-I,2018-06-08,seedbank
467,PG,1,59,6,CP,,0,15,15F,burned,2,MV-00-2,2,20,I,MV-00-2-2-2-20-I,2018-06-08,seedbank
468,AF,5,59,6,SO,GST,CON,control,15C,control,3,SO-GST-CON-3,3,20,S,SO-GST-CON-3-3-20-S,2018-09-26,seedbank
468,AG,2,59,6,SO,GST,CON,control,15C,control,3,SO-GST-CON-3,3,20,S,SO-GST-CON-3-3-20-S,2018-09-26,seedbank
469,AF,3,59,6,CH,KNT,89,30,30F,burned,3,CH-KNT-89-3,2,10,S,CH-KNT-89-3-2-10-S,2018-10-22,seedbank
470,AF,26,59,6,SO,GAT,80,30,30F,burned,2,SO-GAT-80-2,2,20,S,SO-GAT-80-2-2-20-S,2018-09-23,seedbank
470,AG,1,59,6,SO,GAT,80,30,30F,burned,2,SO-GAT-80-2,2,20,S,SO-GAT-80-2-2-20-S,2018-09-23,seedbank
470,SH,3,59,6,SO,GAT,80,30,30F,burned,2,SO-GAT-80-2,2,20,S,SO-GAT-80-2-2-20-S,2018-09-23,seedbank
471,AF,11,59,6,CH,JCB,CON,control,15C,control,2,CH-JCB-CON-2,1,10,S,CH-JCB-CON-2-1-10-S,2018-10-21,seedbank
471,PF,1,59,6,CH,JCB,CON,control,15C,control,2,CH-JCB-CON-2,1,10,S,CH-JCB-CON-2-1-10-S,2018-10-21,seedbank
474,AF,1,60,5,GB,OW,1,15,15F,burned,1,GB-OW-01-1,3,10,I,GB-OW-01-1-3-10-I,2018-06-26,seedbank
474,PG,1,60,5,GB,OW,1,15,15F,burned,1,GB-OW-01-1,3,10,I,GB-OW-01-1-3-10-I,2018-06-26,seedbank
475,AF,1,60,5,GB,RAD,CON,control,30C,control,2,GB-RAD-CON-2,1,20,S,GB-RAD-CON-2-1-20-S,2018-06-23,seedbank
475,AG,4,60,5,GB,RAD,CON,control,30C,control,2,GB-RAD-CON-2,1,20,S,GB-RAD-CON-2-1-20-S,2018-06-23,seedbank
475,PG,1,60,5,GB,RAD,CON,control,30C,control,2,GB-RAD-CON-2,1,20,S,GB-RAD-CON-2-1-20-S,2018-06-23,seedbank
478,AF,10,60,5,CH,KNT,CON,control,30C,control,2,CH-KNT-CON-2,2,20,S,CH-KNT-CON-2-2-20-S,2018-10-24,seedbank
478,AG,1,60,5,CH,KNT,CON,control,30C,control,2,CH-KNT-CON-2,2,20,S,CH-KNT-CON-2-2-20-S,2018-10-24,seedbank
480,PF,1,60,5,CP,,0,15,15F,burned,1,MV-00-1,2,20,I,MV-00-1-2-2-20-I,2018-06-08,seedbank
481,AG,1,61,5,CP,,0,15,15F,burned,3,MV-00-3,3,20,I,MV-00-3-3-3-20-I,2018-06-08,seedbank
482,AF,24,61,5,CH,KNT,CON,control,30C,control,1,CH-KNT-CON-1,1,10,S,CH-KNT-CON-1-1-10-S,2018-10-24,seedbank
482,AG,1,61,5,CH,KNT,CON,control,30C,control,1,CH-KNT-CON-1,1,10,S,CH-KNT-CON-1-1-10-S,2018-10-24,seedbank
483,AF,1,61,5,SO,GST,5,15,15F,burned,1,SO-GST-05-1,3,10,I,SO-GST-05-1-3-10-I,2018-09-27,seedbank
483,AG,1,61,5,SO,GST,5,15,15F,burned,1,SO-GST-05-1,3,10,I,SO-GST-05-1-3-10-I,2018-09-27,seedbank
485,AF,1,61,5,GB,OW,1,15,15F,burned,2,GB-OW-01-2,3,10,I,GB-OW-01-2-3-10-I,2018-06-26,seedbank
486,AF,14,61,5,SO,GAT,CON,control,30C,control,3,SO-GAT-CON-3,2,20,I,SO-GAT-CON-3-2-20-I,2018-09-24,seedbank
486,AG,17,61,5,SO,GAT,CON,control,30C,control,3,SO-GAT-CON-3,2,20,I,SO-GAT-CON-3-2-20-I,2018-09-24,seedbank
487,AF,7,61,5,CH,KNT,89,30,30F,burned,1,CH-KNT-89-1,2,20,I,CH-KNT-89-1-2-20-I,2018-10-22,seedbank
488,AG,3,61,5,SO,GST,5,15,15F,burned,1,SO-GST-05-1,3,20,S,SO-GST-05-1-3-20-S,2018-09-27,seedbank
488,SH,1,61,5,SO,GST,5,15,15F,burned,1,SO-GST-05-1,3,20,S,SO-GST-05-1-3-20-S,2018-09-27,seedbank
489,AF,1,62,5,SO,GST,5,15,15F,burned,1,SO-GST-05-1,2,20,I,SO-GST-05-1-2-20-I,2018-09-27,seedbank
489,AG,31,62,5,SO,GST,5,15,15F,burned,1,SO-GST-05-1,2,20,I,SO-GST-05-1-2-20-I,2018-09-27,seedbank
490,AF,4,62,5,CH,KNT,89,30,30F,burned,2,CH-KNT-89-2,2,10,S,CH-KNT-89-2-2-10-S,2018-10-22,seedbank
491,AF,11,62,5,GB,RAD,84,30,30F,burned,1,GB-RAD-84-1,3,10,S,GB-RAD-84-1-3-10-S,2018-06-23,seedbank
491,AG,4,62,5,GB,RAD,84,30,30F,burned,1,GB-RAD-84-1,3,10,S,GB-RAD-84-1-3-10-S,2018-06-23,seedbank
492,AF,2,62,5,SO,GST,CON,control,15C,control,2,SO-GST-CON-2,1,10,I,SO-GST-CON-2-1-10-I,2018-09-25,seedbank
492,AG,16,62,5,SO,GST,CON,control,15C,control,2,SO-GST-CON-2,1,10,I,SO-GST-CON-2-1-10-I,2018-09-25,seedbank
494,AF,1,62,5,GB,OW,CON,control,15C,control,2,GB-OW-CON-2,3,20,S,GB-OW-CON-2-3-20-S,2018-06-25,seedbank
495,AF,54,62,5,SO,GST,5,15,15F,burned,3,SO-GST-05-3,1,20,S,SO-GST-05-3-1-20-S,2018-09-26,seedbank
495,AG,36,62,5,SO,GST,5,15,15F,burned,3,SO-GST-05-3,1,20,S,SO-GST-05-3-1-20-S,2018-09-26,seedbank
495,PF,3,62,5,SO,GST,5,15,15F,burned,3,SO-GST-05-3,1,20,S,SO-GST-05-3-1-20-S,2018-09-26,seedbank
495,SH,2,62,5,SO,GST,5,15,15F,burned,3,SO-GST-05-3,1,20,S,SO-GST-05-3-1-20-S,2018-09-26,seedbank
496,AF,12,62,5,SO,GAT,CON,control,30C,control,3,SO-GAT-CON-3,3,10,I,SO-GAT-CON-3-3-10-I,2018-09-24,seedbank
496,AG,9,62,5,SO,GAT,CON,control,30C,control,3,SO-GAT-CON-3,3,10,I,SO-GAT-CON-3-3-10-I,2018-09-24,seedbank
497,AF,6,63,5,GB,RAD,CON,control,30C,control,1,GB-RAD-CON-1,1,10,I,GB-RAD-CON-1-1-10-I,2018-06-23,seedbank
497,AG,17,63,5,GB,RAD,CON,control,30C,control,1,GB-RAD-CON-1,1,10,I,GB-RAD-CON-1-1-10-I,2018-06-23,seedbank
497,PG,1,63,5,GB,RAD,CON,control,30C,control,1,GB-RAD-CON-1,1,10,I,GB-RAD-CON-1-1-10-I,2018-06-23,seedbank
498,AF,4,63,5,SO,GAT,CON,control,30C,control,2,SO-GAT-CON-2,3,10,S,SO-GAT-CON-2-3-10-S,2018-09-24,seedbank
498,SH,1,63,5,SO,GAT,CON,control,30C,control,2,SO-GAT-CON-2,3,10,S,SO-GAT-CON-2-3-10-S,2018-09-24,seedbank
499,AF,4,63,5,GB,RAD,CON,control,30C,control,1,GB-RAD-CON-1,3,20,S,GB-RAD-CON-1-3-20-S,2018-06-23,seedbank
499,AG,1,63,5,GB,RAD,CON,control,30C,control,1,GB-RAD-CON-1,3,20,S,GB-RAD-CON-1-3-20-S,2018-06-23,seedbank
500,AF,1,63,5,CP,,89,30,30F,burned,2,MV-89-2,3,20,S,MV-89-2-3-3-20-S,2018-06-07,seedbank
500,AG,1,63,5,CP,,89,30,30F,burned,2,MV-89-2,3,20,S,MV-89-2-3-3-20-S,2018-06-07,seedbank
500,PF,4,63,5,CP,,89,30,30F,burned,2,MV-89-2,3,20,S,MV-89-2-3-3-20-S,2018-06-07,seedbank
501,AF,10,63,5,CH,KNT,CON,control,30C,control,2,CH-KNT-CON-2,1,20,S,CH-KNT-CON-2-1-20-S,2018-10-24,seedbank
502,AF,1,63,5,SO,GST,CON,control,15C,control,1,SO-GST-CON-1,1,20,I,SO-GST-CON-1-1-20-I,2018-09-25,seedbank
502,AG,66,63,5,SO,GST,CON,control,15C,control,1,SO-GST-CON-1,1,20,I,SO-GST-CON-1-1-20-I,2018-09-25,seedbank
503,AF,23,63,5,CH,JCB,CON,control,15C,control,1,CH-JCB-CON-1,3,20,S,CH-JCB-CON-1-3-20-S,2018-10-21,seedbank
503,PF,1,63,5,CH,JCB,CON,control,15C,control,1,CH-JCB-CON-1,3,20,S,CH-JCB-CON-1-3-20-S,2018-10-21,seedbank
504,AF,2,63,5,CH,KNT,CON,control,30C,control,3,CH-KNT-CON-3,1,10,I,CH-KNT-CON-3-1-10-I,2018-10-24,seedbank
505,PG,1,64,5,CP,,0,15,15F,burned,3,MV-00-3,2,10,S,MV-00-3-2-2-10-S,2018-06-08,seedbank
506,AF,3,64,5,SO,GST,CON,control,15C,control,2,SO-GST-CON-2,3,10,I,SO-GST-CON-2-3-10-I,2018-09-25,seedbank
506,AG,1,64,5,SO,GST,CON,control,15C,control,2,SO-GST-CON-2,3,10,I,SO-GST-CON-2-3-10-I,2018-09-25,seedbank
507,AG,5,64,5,GB,RAD,84,30,30F,burned,3,GB-RAD-84-3,1,10,S,GB-RAD-84-3-1-10-S,2018-06-27,seedbank
507,PG,2,64,5,GB,RAD,84,30,30F,burned,3,GB-RAD-84-3,1,10,S,GB-RAD-84-3-1-10-S,2018-06-27,seedbank
508,AF,12,64,5,CH,JCB,1,15,15F,burned,2,CH-JCB-01-2,2,10,S,CH-JCB-01-2-2-10-S,2018-10-19,seedbank
509,AF,3,64,5,SO,GST,CON,control,15C,control,3,SO-GST-CON-3,3,10,S,SO-GST-CON-3-3-10-S,2018-09-26,seedbank
509,AG,10,64,5,SO,GST,CON,control,15C,control,3,SO-GST-CON-3,3,10,S,SO-GST-CON-3-3-10-S,2018-09-26,seedbank
512,AF,19,64,5,SO,GAT,80,30,30F,burned,1,SO-GAT-80-1,1,10,I,SO-GAT-80-1-1-10-I,2018-09-23,seedbank
512,AG,1,64,5,SO,GAT,80,30,30F,burned,1,SO-GAT-80-1,1,10,I,SO-GAT-80-1-1-10-I,2018-09-23,seedbank
513,SH,2,65,5,SO,GST,5,15,15F,burned,3,SO-GST-05-3,3,20,S,SO-GST-05-3-3-20-S,2018-09-26,seedbank
514,AF,9,65,5,CH,JCB,1,15,15F,burned,2,CH-JCB-01-2,2,10,I,CH-JCB-01-2-2-10-I,2018-10-19,seedbank
514,AG,1,65,5,CH,JCB,1,15,15F,burned,2,CH-JCB-01-2,2,10,I,CH-JCB-01-2-2-10-I,2018-10-19,seedbank
515,PF,1,65,5,CP,,89,30,30F,burned,3,MV-89-3,1,10,I,MV-89-3-1-1-10-I,2018-06-07,seedbank
515,PG,4,65,5,CP,,89,30,30F,burned,3,MV-89-3,1,10,I,MV-89-3-1-1-10-I,2018-06-07,seedbank
517,AF,9,65,5,CH,KNT,89,30,30F,burned,2,CH-KNT-89-2,1,20,I,CH-KNT-89-2-1-20-I,2018-10-22,seedbank
518,AF,5,65,5,CH,KNT,CON,control,30C,control,2,CH-KNT-CON-2,3,10,I,CH-KNT-CON-2-3-10-I,2018-10-24,seedbank
519,AF,6,65,5,CP,,CON,control,con,control,1,MV-CON-1,2,20,S,MV-CON-1-2-2-20-S,2018-06-08,seedbank
519,PF,6,65,5,CP,,CON,control,con,control,1,MV-CON-1,2,20,S,MV-CON-1-2-2-20-S,2018-06-08,seedbank
519,PG,1,65,5,CP,,CON,control,con,control,1,MV-CON-1,2,20,S,MV-CON-1-2-2-20-S,2018-06-08,seedbank
520,AF,20,65,5,CH,KNT,89,30,30F,burned,1,CH-KNT-89-1,3,20,S,CH-KNT-89-1-3-20-S,2018-10-22,seedbank
521,AF,5,66,6,GB,RAD,CON,control,30C,control,3,GB-RAD-CON-3,1,20,I,GB-RAD-CON-3-1-20-I,2018-06-24,seedbank
521,AG,1,66,6,GB,RAD,CON,control,30C,control,3,GB-RAD-CON-3,1,20,I,GB-RAD-CON-3-1-20-I,2018-06-24,seedbank
522,AF,31,66,6,SO,GAT,80,30,30F,burned,1,SO-GAT-80-1,2,20,I,SO-GAT-80-1-2-20-I,2018-09-23,seedbank
522,AG,1,66,6,SO,GAT,80,30,30F,burned,1,SO-GAT-80-1,2,20,I,SO-GAT-80-1-2-20-I,2018-09-23,seedbank
523,AF,1,66,6,CP,,0,15,15F,burned,3,MV-00-3,3,20,S,MV-00-3-3-3-20-S,2018-06-08,seedbank
523,PF,1,66,6,CP,,0,15,15F,burned,3,MV-00-3,3,20,S,MV-00-3-3-3-20-S,2018-06-08,seedbank
524,AF,2,66,6,SO,GST,5,15,15F,burned,2,SO-GST-05-2,2,10,I,SO-GST-05-2-2-10-I,2018-09-27,seedbank
524,AG,98,66,6,SO,GST,5,15,15F,burned,2,SO-GST-05-2,2,10,I,SO-GST-05-2-2-10-I,2018-09-27,seedbank
525,AF,2,66,6,CH,KNT,CON,control,30C,control,1,CH-KNT-CON-1,1,20,I,CH-KNT-CON-1-1-20-I,2018-10-24,seedbank
526,AG,1,66,6,GB,OW,1,15,15F,burned,3,GB-OW-01-3,3,10,S,GB-OW-01-3-3-10-S,2018-06-26,seedbank
526,PG,1,66,6,GB,OW,1,15,15F,burned,3,GB-OW-01-3,3,10,S,GB-OW-01-3-3-10-S,2018-06-26,seedbank
527,AF,4,66,6,GB,RAD,84,30,30F,burned,3,GB-RAD-84-3,2,10,S,GB-RAD-84-3-2-10-S,2018-06-27,seedbank
527,AG,5,66,6,GB,RAD,84,30,30F,burned,3,GB-RAD-84-3,2,10,S,GB-RAD-84-3-2-10-S,2018-06-27,seedbank
527,PF,1,66,6,GB,RAD,84,30,30F,burned,3,GB-RAD-84-3,2,10,S,GB-RAD-84-3-2-10-S,2018-06-27,seedbank
527,PG,2,66,6,GB,RAD,84,30,30F,burned,3,GB-RAD-84-3,2,10,S,GB-RAD-84-3-2-10-S,2018-06-27,seedbank
528,AF,17,66,6,SO,GST,CON,control,15C,control,3,SO-GST-CON-3,1,20,S,SO-GST-CON-3-1-20-S,2018-09-26,seedbank
528,AG,4,66,6,SO,GST,CON,control,15C,control,3,SO-GST-CON-3,1,20,S,SO-GST-CON-3-1-20-S,2018-09-26,seedbank
529,AF,3,67,6,CH,KNT,CON,control,30C,control,2,CH-KNT-CON-2,2,20,I,CH-KNT-CON-2-2-20-I,2018-10-24,seedbank
530,PG,4,67,6,GB,OW,1,15,15F,burned,1,GB-OW-01-1,1,20,I,GB-OW-01-1-1-20-I,2018-06-26,seedbank
531,AF,1,67,6,CH,JCB,1,15,15F,burned,3,CH-JCB-01-3,1,10,I,CH-JCB-01-3-1-10-I,2018-10-20,seedbank
532,AF,2,67,6,CH,JCB,CON,control,15C,control,3,CH-JCB-CON-3,3,10,I,CH-JCB-CON-3-3-10-I,2018-10-21,seedbank
533,PG,6,67,6,CP,,89,30,30F,burned,3,MV-89-3,2,20,I,MV-89-3-2-2-20-I,2018-06-07,seedbank
534,AF,13,67,6,CH,JCB,1,15,15F,burned,1,CH-JCB-01-1,3,20,S,CH-JCB-01-1-3-20-S,2018-10-20,seedbank
536,AF,5,67,6,CH,KNT,CON,control,30C,control,3,CH-KNT-CON-3,2,10,S,CH-KNT-CON-3-2-10-S,2018-10-24,seedbank
537,AF,1,68,6,SO,GST,5,15,15F,burned,3,SO-GST-05-3,3,10,S,SO-GST-05-3-3-10-S,2018-09-26,seedbank
537,AG,1,68,6,SO,GST,5,15,15F,burned,3,SO-GST-05-3,3,10,S,SO-GST-05-3-3-10-S,2018-09-26,seedbank
537,SH,4,68,6,SO,GST,5,15,15F,burned,3,SO-GST-05-3,3,10,S,SO-GST-05-3-3-10-S,2018-09-26,seedbank
538,AF,17,68,6,CH,KNT,CON,control,30C,control,1,CH-KNT-CON-1,2,20,S,CH-KNT-CON-1-2-20-S,2018-10-24,seedbank
538,PG,2,68,6,CH,KNT,CON,control,30C,control,1,CH-KNT-CON-1,2,20,S,CH-KNT-CON-1-2-20-S,2018-10-24,seedbank
539,AF,3,68,6,GB,OW,1,15,15F,burned,2,GB-OW-01-2,1,10,I,GB-OW-01-2-1-10-I,2018-06-26,seedbank
540,AF,2,68,6,GB,RAD,84,30,30F,burned,3,GB-RAD-84-3,1,20,S,GB-RAD-84-3-1-20-S,2018-06-27,seedbank
540,AG,10,68,6,GB,RAD,84,30,30F,burned,3,GB-RAD-84-3,1,20,S,GB-RAD-84-3-1-20-S,2018-06-27,seedbank
25,NA,0,4,2,CH,JCB,1,15,15F,burned,3,CH-JCB-01-3,1,10,S,CH-JCB-01-3-1-10-S,2018-10-20,seedbank
180,NA,0,23,1,CH,JCB,1,15,15F,burned,3,CH-JCB-01-3,3,10,I,CH-JCB-01-3-3-10-I,2018-10-20,seedbank
307,NA,0,39,3,CH,JCB,CON,control,15C,control,3,CH-JCB-CON-3,1,10,I,CH-JCB-CON-3-1-10-I,2018-10-21,seedbank
510,NA,0,64,5,CH,KNT,89,30,30F,burned,1,CH-KNT-89-1,3,20,I,CH-KNT-89-1-3-20-I,2018-10-22,seedbank
417,NA,0,53,5,CH,KNT,89,30,30F,burned,3,CH-KNT-89-3,2,10,I,CH-KNT-89-3-2-10-I,2018-10-22,seedbank
99,NA,0,13,4,CH,KNT,CON,control,30C,control,1,CH-KNT-CON-1,3,20,I,CH-KNT-CON-1-3-20-I,2018-10-24,seedbank
222,NA,0,28,3,CH,KNT,CON,control,30C,control,2,CH-KNT-CON-2,2,10,I,CH-KNT-CON-2-2-10-I,2018-10-24,seedbank
436,NA,0,55,6,CH,KNT,CON,control,30C,control,3,CH-KNT-CON-3,2,20,I,CH-KNT-CON-3-2-20-I,2018-10-24,seedbank
239,NA,0,30,3,CH,KNT,CON,control,30C,control,3,CH-KNT-CON-3,3,20,I,CH-KNT-CON-3-3-20-I,2018-10-24,seedbank
234,NA,0,30,3,GB,OW,CON,control,15C,control,1,GB-OW-CON-1,1,10,I,GB-OW-CON-1-1-10-I,2018-06-26,seedbank
479,NA,0,60,5,GB,OW,CON,control,15C,control,1,GB-OW-CON-1,2,20,I,GB-OW-CON-1-2-20-I,2018-06-26,seedbank
73,NA,0,10,4,GB,OW,CON,control,15C,control,2,GB-OW-CON-2,1,10,S,GB-OW-CON-2-1-10-S,2018-06-25,seedbank
119,NA,0,15,3,GB,OW,CON,control,15C,control,2,GB-OW-CON-2,2,20,I,GB-OW-CON-2-2-20-I,2018-06-25,seedbank
144,NA,0,18,2,GB,OW,CON,control,15C,control,2,GB-OW-CON-2,2,20,S,GB-OW-CON-2-2-20-S,2018-06-25,seedbank
511,NA,0,64,5,GB,OW,CON,control,15C,control,3,GB-OW-CON-3,1,10,S,GB-OW-CON-3-1-10-S,2018-06-25,seedbank
445,NA,0,56,6,GB,OW,CON,control,15C,control,3,GB-OW-CON-3,1,20,I,GB-OW-CON-3-1-20-I,2018-06-25,seedbank
484,NA,0,61,5,GB,OW,CON,control,15C,control,3,GB-OW-CON-3,2,10,I,GB-OW-CON-3-2-10-I,2018-06-25,seedbank
107,NA,0,14,4,GB,OW,CON,control,15C,control,3,GB-OW-CON-3,2,20,I,GB-OW-CON-3-2-20-I,2018-06-25,seedbank
23,NA,0,3,2,GB,OW,CON,control,15C,control,3,GB-OW-CON-3,2,20,S,GB-OW-CON-3-2-20-S,2018-06-25,seedbank
97,NA,0,13,4,GB,OW,CON,control,15C,control,3,GB-OW-CON-3,3,20,I,GB-OW-CON-3-3-20-I,2018-06-25,seedbank
154,NA,0,20,2,GB,OW,CON,control,15C,control,3,GB-OW-CON-3,3,20,S,GB-OW-CON-3-3-20-S,2018-06-25,seedbank
360,NA,0,45,6,GB,RAD,CON,control,30C,control,1,GB-RAD-CON-1,3,10,I,GB-RAD-CON-1-3-10-I,2018-06-23,seedbank
477,NA,0,60,5,GB,RAD,CON,control,30C,control,2,GB-RAD-CON-2,2,10,I,GB-RAD-CON-2-2-10-I,2018-06-23,seedbank
10,NA,0,2,1,GB,RAD,CON,control,30C,control,3,GB-RAD-CON-3,1,10,I,GB-RAD-CON-3-1-10-I,2018-06-24,seedbank
117,NA,0,15,3,GB,RAD,CON,control,30C,control,3,GB-RAD-CON-3,2,20,S,GB-RAD-CON-3-2-20-S,2018-06-24,seedbank
472,NA,0,59,6,GB,RAD,CON,control,30C,control,3,GB-RAD-CON-3,3,10,I,GB-RAD-CON-3-3-10-I,2018-06-24,seedbank
225,NA,0,29,3,GB,RAD,CON,control,30C,control,3,GB-RAD-CON-3,3,10,S,GB-RAD-CON-3-3-10-S,2018-06-24,seedbank
441,NA,0,56,6,CP,,0,15,15F,burned,1,MV-00-1,1,10,I,MV-00-1-1-1-10-I,2018-06-08,seedbank
210,NA,0,27,2,CP,,0,15,15F,burned,1,MV-00-1,1,10,S,MV-00-1-1-1-10-S,2018-06-08,seedbank
75,NA,0,10,4,CP,,0,15,15F,burned,1,MV-00-1,1,20,I,MV-00-1-1-1-20-I,2018-06-08,seedbank
24,NA,0,3,2,CP,,0,15,15F,burned,1,MV-00-1,2,10,S,MV-00-1-2-2-10-S,2018-06-08,seedbank
118,NA,0,15,3,CP,,0,15,15F,burned,1,MV-00-1,3,20,S,MV-00-1-3-3-20-S,2018-06-08,seedbank
408,NA,0,51,5,CP,,0,15,15F,burned,2,MV-00-2,1,10,I,MV-00-2-1-1-10-I,2018-06-08,seedbank
377,NA,0,48,5,CP,,0,15,15F,burned,2,MV-00-2,1,10,S,MV-00-2-1-1-10-S,2018-06-08,seedbank
249,NA,0,32,4,CP,,0,15,15F,burned,2,MV-00-2,1,20,I,MV-00-2-1-1-20-I,2018-06-08,seedbank
167,NA,0,21,1,CP,,0,15,15F,burned,2,MV-00-2,1,20,S,MV-00-2-1-1-20-S,2018-06-08,seedbank
362,NA,0,46,6,CP,,0,15,15F,burned,2,MV-00-2,2,10,I,MV-00-2-2-2-10-I,2018-06-08,seedbank
86,NA,0,11,4,CP,,0,15,15F,burned,2,MV-00-2,2,10,S,MV-00-2-2-2-10-S,2018-06-08,seedbank
369,NA,0,47,6,CP,,0,15,15F,burned,2,MV-00-2,3,10,I,MV-00-2-3-3-10-I,2018-06-08,seedbank
476,NA,0,60,5,CP,,0,15,15F,burned,2,MV-00-2,3,10,S,MV-00-2-3-3-10-S,2018-06-08,seedbank
433,NA,0,55,6,CP,,0,15,15F,burned,2,MV-00-2,3,20,I,MV-00-2-3-3-20-I,2018-06-08,seedbank
170,NA,0,22,1,CP,,0,15,15F,burned,2,MV-00-2,3,20,S,MV-00-2-3-3-20-S,2018-06-08,seedbank
264,NA,0,33,4,CP,,0,15,15F,burned,3,MV-00-3,1,10,I,MV-00-3-1-1-10-I,2018-06-08,seedbank
121,NA,0,16,3,CP,,0,15,15F,burned,3,MV-00-3,1,20,S,MV-00-3-1-1-20-S,2018-06-08,seedbank
254,NA,0,32,4,CP,,0,15,15F,burned,3,MV-00-3,2,10,I,MV-00-3-2-2-10-I,2018-06-08,seedbank
195,NA,0,25,2,CP,,0,15,15F,burned,3,MV-00-3,2,20,I,MV-00-3-2-2-20-I,2018-06-08,seedbank
416,NA,0,52,5,CP,,0,15,15F,burned,3,MV-00-3,3,10,I,MV-00-3-3-3-10-I,2018-06-08,seedbank
535,NA,0,67,6,CP,,89,30,30F,burned,3,MV-89-3,1,10,S,MV-89-3-1-1-10-S,2018-06-07,seedbank
324,NA,0,41,2,CP,,89,30,30F,burned,3,MV-89-3,2,20,S,MV-89-3-2-2-20-S,2018-06-07,seedbank
493,NA,0,62,5,CP,,CON,control,con,control,2,MV-CON-2,1,10,S,MV-CON-2-1-1-10-S,2018-06-07,seedbank
21,NA,0,3,2,CP,,CON,control,con,control,2,MV-CON-2,3,10,I,MV-CON-2-3-3-10-I,2018-06-07,seedbank
430,NA,0,54,6,CP,,CON,control,con,control,2,MV-CON-2,3,20,I,MV-CON-2-3-3-20-I,2018-06-07,seedbank
351,NA,0,44,1,CP,,CON,control,con,control,2,MV-CON-2,3,20,S,MV-CON-2-3-3-20-S,2018-06-07,seedbank
48,NA,0,6,3,CP,,CON,control,con,control,3,MV-CON-3,1,20,S,MV-CON-3-1-1-20-S,2018-06-07,seedbank
77,NA,0,10,4,SO,GAT,80,30,30F,burned,2,SO-GAT-80-2,1,20,I,SO-GAT-80-2-1-20-I,2018-09-23,seedbank
516,NA,0,65,5,SO,GAT,80,30,30F,burned,3,SO-GAT-80-3,1,10,I,SO-GAT-80-3-1-10-I,2018-09-23,seedbank
473,NA,0,60,5,SO,GAT,80,30,30F,burned,3,SO-GAT-80-3,3,20,S,SO-GAT-80-3-3-20-S,2018-09-23,seedbank
87,NA,0,11,4,SO,GAT,CON,control,30C,control,3,SO-GAT-CON-3,1,10,S,SO-GAT-CON-3-1-10-S,2018-09-24,seedbank
51,NA,0,7,3,SO,GAT,CON,control,30C,control,3,SO-GAT-CON-3,1,20,S,SO-GAT-CON-3-1-20-S,2018-09-24,seedbank
85,NA,0,11,4,SO,GST,5,15,15F,burned,1,SO-GST-05-1,1,20,I,SO-GST-05-1-1-20-I,2018-09-27,seedbank
113,NA,0,15,3,SO,GST,5,15,15F,burned,2,SO-GST-05-2,1,10,I,SO-GST-05-2-1-10-I,2018-09-27,seedbank
269,NA,0,34,4,SO,GST,5,15,15F,burned,3,SO-GST-05-3,2,10,I,SO-GST-05-3-2-10-I,2018-09-26,seedbank
