sample,AF,AG,PF,PG,SH,tray_num,block_num,desert,fire_name,fire_year,TSF,TSF2,burn,plot_num,fullplot_name,line,location,overstory,unique_ID,date_coll,total_seed_count,fg_richness
1,3,0,0,0,0,1,1,GB,OW,1,15.0,,burned,15,GB-OW-01-3,3,20,I,GB-OW-01-3-3-20-I,2018-06-26,3,1
2,5,0,0,2,0,1,1,CP,,CON,,,control,31,MV-CON-1,1,10,S,MV-CON-1-1-1-10-S,2018-06-08,7,2
3,1,0,1,0,0,1,1,CH,JCB,CON,,,control,6,CH-JCB-CON-3,1,20,S,CH-JCB-CON-3-1-20-S,2018-10-21,2,2
4,4,0,0,0,0,1,1,CH,KNT,CON,,,control,12,CH-KNT-CON-3,2,20,S,CH-KNT-CON-3-2-20-S,2018-10-24,4,1
5,0,4,0,0,1,1,1,SO,GST,5,15.0,,burned,42,SO-GST-05-3,1,10,I,SO-GST-05-3-1-10-I,2018-09-26,5,2
6,11,0,1,0,0,1,1,CP,,CON,,,control,33,MV-CON-3,3,20,S,MV-CON-3-3-3-20-S,2018-06-07,12,2
7,26,1,0,0,2,1,1,SO,GAT,CON,,,control,38,SO-GAT-CON-2,1,10,S,SO-GAT-CON-2-1-10-S,2018-09-24,29,3
8,1,0,0,1,0,1,1,GB,OW,1,15.0,,burned,14,GB-OW-01-2,2,10,S,GB-OW-01-2-2-10-S,2018-06-26,2,2
9,3,1,0,2,0,2,1,CP,,89,30.0,,burned,28,MV-89-1,3,10,I,MV-89-1-3-3-10-I,2018-06-07,6,3
11,3,1,0,0,6,2,1,SO,GST,5,15.0,,burned,41,SO-GST-05-2,1,20,S,SO-GST-05-2-1-20-S,2018-09-27,10,3
12,52,2,0,0,0,2,1,CH,JCB,1,15.0,,burned,1,CH-JCB-01-1,1,20,S,CH-JCB-01-1-1-20-S,2018-10-20,54,2
13,3,0,0,0,0,2,1,CH,KNT,89,30.0,,burned,8,CH-KNT-89-2,3,20,I,CH-KNT-89-2-3-20-I,2018-10-22,3,1
14,5,0,0,0,0,2,1,CH,JCB,CON,,,control,5,CH-JCB-CON-2,3,10,S,CH-JCB-CON-2-3-10-S,2018-10-21,5,1
15,0,1,0,0,0,2,1,SO,GST,5,15.0,,burned,41,SO-GST-05-2,2,20,S,SO-GST-05-2-2-20-S,2018-09-27,1,1
16,0,0,2,1,0,2,1,CP,,CON,,,control,31,MV-CON-1,3,10,S,MV-CON-1-3-3-10-S,2018-06-08,3,2
17,2,2,0,0,0,3,2,SO,GST,CON,,,control,43,SO-GST-CON-1,3,10,I,SO-GST-CON-1-3-10-I,2018-09-25,4,2
18,2,0,0,0,0,3,2,CH,JCB,CON,,,control,5,CH-JCB-CON-2,3,10,I,CH-JCB-CON-2-3-10-I,2018-10-21,2,1
19,1,3,1,1,0,3,2,CP,,89,30.0,,burned,29,MV-89-2,3,10,S,MV-89-2-3-3-10-S,2018-06-07,6,4
20,7,0,0,0,0,3,2,CH,JCB,CON,,,control,5,CH-JCB-CON-2,2,20,I,CH-JCB-CON-2-2-20-I,2018-10-21,7,1
22,0,0,1,0,0,3,2,GB,RAD,CON,,,control,23,GB-RAD-CON-2,2,20,I,GB-RAD-CON-2-2-20-I,2018-06-23,1,1
26,0,1,0,0,0,4,2,SO,GAT,80,30.0,,burned,35,SO-GAT-80-2,2,10,I,SO-GAT-80-2-2-10-I,2018-09-23,1,1
27,6,0,0,0,0,4,2,CP,,CON,,,control,33,MV-CON-3,2,10,I,MV-CON-3-2-2-10-I,2018-06-07,6,1
28,0,0,0,1,0,4,2,CP,,CON,,,control,33,MV-CON-3,3,20,I,MV-CON-3-3-3-20-I,2018-06-07,1,1
29,5,1,0,0,0,4,2,GB,RAD,84,30.0,,burned,19,GB-RAD-84-1,1,20,S,GB-RAD-84-1-1-20-S,2018-06-23,6,2
30,1,5,0,0,0,4,2,GB,RAD,CON,,,control,23,GB-RAD-CON-2,1,10,S,GB-RAD-CON-2-1-10-S,2018-06-23,6,2
31,27,3,1,0,1,4,2,SO,GAT,80,30.0,,burned,34,SO-GAT-80-1,3,20,S,SO-GAT-80-1-3-20-S,2018-09-23,32,4
32,4,1,0,0,3,4,2,SO,GAT,80,30.0,,burned,36,SO-GAT-80-3,1,10,S,SO-GAT-80-3-1-10-S,2018-09-23,8,3
33,0,1,0,1,0,5,2,GB,RAD,84,30.0,,burned,20,GB-RAD-84-2,3,20,S,GB-RAD-84-2-3-20-S,2018-06-23,2,2
34,1,0,1,0,0,5,2,CP,,CON,,,control,32,MV-CON-2,2,10,I,MV-CON-2-2-2-10-I,2018-06-07,2,2
35,12,0,0,0,0,5,2,SO,GAT,CON,,,control,38,SO-GAT-CON-2,2,20,I,SO-GAT-CON-2-2-20-I,2018-09-24,12,1
36,5,0,0,0,0,5,2,CH,KNT,89,30.0,,burned,7,CH-KNT-89-1,2,20,S,CH-KNT-89-1-2-20-S,2018-10-22,5,1
37,0,0,7,2,0,5,2,CP,,89,30.0,,burned,28,MV-89-1,1,10,I,MV-89-1-1-1-10-I,2018-06-07,9,2
38,31,0,0,0,0,5,2,CH,KNT,CON,,,control,10,CH-KNT-CON-1,2,10,S,CH-KNT-CON-1-2-10-S,2018-10-24,31,1
39,6,0,0,0,0,5,2,CH,JCB,CON,,,control,5,CH-JCB-CON-2,2,20,S,CH-JCB-CON-2-2-20-S,2018-10-21,6,1
40,0,5,0,0,0,5,2,SO,GST,CON,,,control,43,SO-GST-CON-1,2,20,I,SO-GST-CON-1-2-20-I,2018-09-25,5,1
41,1,0,1,9,0,6,3,GB,OW,CON,,,control,17,GB-OW-CON-2,2,10,I,GB-OW-CON-2-2-10-I,2018-06-25,11,3
42,60,3,0,0,5,6,3,SO,GAT,80,30.0,,burned,35,SO-GAT-80-2,3,20,S,SO-GAT-80-2-3-20-S,2018-09-23,68,3
43,1,0,1,1,0,6,3,CP,,89,30.0,,burned,29,MV-89-2,1,20,S,MV-89-2-1-1-20-S,2018-06-07,3,3
44,24,0,0,0,0,6,3,SO,GAT,CON,,,control,37,SO-GAT-CON-1,1,10,I,SO-GAT-CON-1-1-10-I,2018-09-24,24,1
45,1,0,0,0,0,6,3,CH,KNT,89,30.0,,burned,8,CH-KNT-89-2,3,10,S,CH-KNT-89-2-3-10-S,2018-10-22,1,1
46,8,0,0,0,0,6,3,CH,JCB,1,15.0,,burned,2,CH-JCB-01-2,1,10,S,CH-JCB-01-2-1-10-S,2018-10-19,8,1
47,0,0,0,2,0,6,3,GB,OW,1,15.0,,burned,15,GB-OW-01-3,2,10,I,GB-OW-01-3-2-10-I,2018-06-26,2,1
49,1,0,0,2,0,7,3,GB,OW,CON,,,control,17,GB-OW-CON-2,2,10,S,GB-OW-CON-2-2-10-S,2018-06-25,3,2
50,3,0,0,1,0,7,3,CH,JCB,1,15.0,,burned,3,CH-JCB-01-3,2,20,I,CH-JCB-01-3-2-20-I,2018-10-20,4,2
52,1,0,0,0,0,7,3,GB,RAD,CON,,,control,22,GB-RAD-CON-1,2,20,I,GB-RAD-CON-1-2-20-I,2018-06-23,1,1
53,0,19,1,31,0,7,3,GB,RAD,84,30.0,,burned,20,GB-RAD-84-2,1,10,I,GB-RAD-84-2-1-10-I,2018-06-23,51,3
54,4,0,0,0,0,7,3,CH,JCB,1,15.0,,burned,3,CH-JCB-01-3,3,10,S,CH-JCB-01-3-3-10-S,2018-10-20,4,1
55,0,1,0,0,4,7,3,SO,GAT,80,30.0,,burned,35,SO-GAT-80-2,2,10,S,SO-GAT-80-2-2-10-S,2018-09-23,5,2
56,0,0,4,6,0,7,3,CP,,89,30.0,,burned,28,MV-89-1,2,10,S,MV-89-1-2-2-10-S,2018-06-07,10,2
57,2,1,0,0,0,8,3,SO,GAT,80,30.0,,burned,35,SO-GAT-80-2,3,20,I,SO-GAT-80-2-3-20-I,2018-09-23,3,2
58,3,0,0,0,0,8,3,CH,JCB,1,15.0,,burned,2,CH-JCB-01-2,1,20,I,CH-JCB-01-2-1-20-I,2018-10-19,3,1
59,7,0,0,0,0,8,3,CH,JCB,CON,,,control,6,CH-JCB-CON-3,3,20,S,CH-JCB-CON-3-3-20-S,2018-10-21,7,1
60,1,8,0,0,2,8,3,SO,GST,5,15.0,,burned,41,SO-GST-05-2,2,10,S,SO-GST-05-2-2-10-S,2018-09-27,11,3
61,1,1,13,0,0,8,3,CP,,89,30.0,,burned,28,MV-89-1,1,20,I,MV-89-1-1-1-20-I,2018-06-07,15,3
62,1,0,4,0,0,8,3,GB,OW,CON,,,control,18,GB-OW-CON-3,1,20,S,GB-OW-CON-3-1-20-S,2018-06-25,5,2
63,22,0,0,0,0,8,3,SO,GAT,CON,,,control,38,SO-GAT-CON-2,1,20,I,SO-GAT-CON-2-1-20-I,2018-09-24,22,1
64,1,0,1,1,0,8,3,CP,,0,15.0,,burned,27,MV-00-3,3,10,S,MV-00-3-3-3-10-S,2018-06-08,3,3
65,7,0,0,0,0,9,4,CH,JCB,1,15.0,,burned,3,CH-JCB-01-3,1,20,I,CH-JCB-01-3-1-20-I,2018-10-20,7,1
66,12,0,0,0,0,9,4,CH,KNT,89,30.0,,burned,8,CH-KNT-89-2,1,10,S,CH-KNT-89-2-1-10-S,2018-10-22,12,1
67,1,1,0,0,0,9,4,GB,RAD,CON,,,control,24,GB-RAD-CON-3,2,10,I,GB-RAD-CON-3-2-10-I,2018-06-24,2,2
68,11,0,0,0,0,9,4,CH,JCB,CON,,,control,4,CH-JCB-CON-1,2,20,I,CH-JCB-CON-1-2-20-I,2018-10-21,11,1
69,5,38,0,2,0,9,4,GB,RAD,84,30.0,,burned,20,GB-RAD-84-2,2,10,S,GB-RAD-84-2-2-10-S,2018-06-23,45,3
70,3,1,0,0,1,9,4,SO,GAT,80,30.0,,burned,35,SO-GAT-80-2,1,10,I,SO-GAT-80-2-1-10-I,2018-09-23,5,3
71,1,0,5,0,0,9,4,CP,,89,30.0,,burned,28,MV-89-1,1,10,S,MV-89-1-1-1-10-S,2018-06-07,6,2
72,8,0,0,0,0,9,4,CH,JCB,CON,,,control,5,CH-JCB-CON-2,2,10,I,CH-JCB-CON-2-2-10-I,2018-10-21,8,1
74,2,0,0,0,0,10,4,GB,RAD,CON,,,control,22,GB-RAD-CON-1,1,10,S,GB-RAD-CON-1-1-10-S,2018-06-23,2,1
76,8,14,0,0,0,10,4,SO,GST,5,15.0,,burned,40,SO-GST-05-1,2,20,S,SO-GST-05-1-2-20-S,2018-09-27,22,2
78,2,0,0,0,0,10,4,CH,JCB,1,15.0,,burned,2,CH-JCB-01-2,3,10,I,CH-JCB-01-2-3-10-I,2018-10-19,2,1
79,26,0,0,0,1,10,4,SO,GAT,80,30.0,,burned,34,SO-GAT-80-1,1,20,S,SO-GAT-80-1-1-20-S,2018-09-23,27,2
80,6,2,0,0,0,10,4,GB,RAD,84,30.0,,burned,19,GB-RAD-84-1,3,20,S,GB-RAD-84-1-3-20-S,2018-06-23,8,2
81,1,0,0,0,0,11,4,SO,GAT,CON,,,control,37,SO-GAT-CON-1,2,20,I,SO-GAT-CON-1-2-20-I,2018-09-24,1,1
82,2,0,0,0,0,11,4,GB,OW,CON,,,control,17,GB-OW-CON-2,1,10,I,GB-OW-CON-2-1-10-I,2018-06-25,2,1
83,4,0,0,0,0,11,4,CH,KNT,CON,,,control,11,CH-KNT-CON-2,2,10,S,CH-KNT-CON-2-2-10-S,2018-10-24,4,1
84,5,0,0,0,0,11,4,CH,JCB,CON,,,control,6,CH-JCB-CON-3,3,10,S,CH-JCB-CON-3-3-10-S,2018-10-21,5,1
88,0,0,0,1,0,11,4,CP,,CON,,,control,32,MV-CON-2,1,20,I,MV-CON-2-1-1-20-I,2018-06-07,1,1
89,3,0,0,0,0,12,4,SO,GAT,80,30.0,,burned,34,SO-GAT-80-1,2,10,S,SO-GAT-80-1-2-10-S,2018-09-23,3,1
90,5,0,0,0,0,12,4,CH,KNT,89,30.0,,burned,8,CH-KNT-89-2,2,20,S,CH-KNT-89-2-2-20-S,2018-10-22,5,1
91,2,7,0,15,0,12,4,GB,OW,1,15.0,,burned,15,GB-OW-01-3,2,10,S,GB-OW-01-3-2-10-S,2018-06-26,24,3
92,3,21,0,4,0,12,4,GB,RAD,84,30.0,,burned,20,GB-RAD-84-2,1,20,I,GB-RAD-84-2-1-20-I,2018-06-23,28,3
93,1,0,0,0,0,12,4,CP,,CON,,,control,33,MV-CON-3,3,10,S,MV-CON-3-3-3-10-S,2018-06-07,1,1
94,3,0,0,0,0,12,4,CH,KNT,89,30.0,,burned,9,CH-KNT-89-3,3,20,I,CH-KNT-89-3-3-20-I,2018-10-22,3,1
95,4,0,0,0,0,12,4,CH,JCB,1,15.0,,burned,1,CH-JCB-01-1,1,10,I,CH-JCB-01-1-1-10-I,2018-10-20,4,1
96,9,10,0,0,0,12,4,SO,GST,CON,,,control,45,SO-GST-CON-3,1,10,I,SO-GST-CON-3-1-10-I,2018-09-26,19,2
98,0,7,0,0,0,13,4,SO,GST,CON,,,control,45,SO-GST-CON-3,1,10,S,SO-GST-CON-3-1-10-S,2018-09-26,7,1
100,4,0,0,0,1,13,4,SO,GAT,CON,,,control,38,SO-GAT-CON-2,2,10,S,SO-GAT-CON-2-2-10-S,2018-09-24,5,2
101,3,1,1,0,0,13,4,CP,,89,30.0,,burned,29,MV-89-2,2,10,S,MV-89-2-2-2-10-S,2018-06-07,5,3
102,2,4,1,0,0,13,4,SO,GST,5,15.0,,burned,40,SO-GST-05-1,3,10,S,SO-GST-05-1-3-10-S,2018-09-27,7,3
103,2,3,0,0,0,13,4,SO,GAT,CON,,,control,39,SO-GAT-CON-3,2,10,I,SO-GAT-CON-3-2-10-I,2018-09-24,5,2
104,1,0,0,0,2,13,4,GB,RAD,CON,,,control,22,GB-RAD-CON-1,1,20,I,GB-RAD-CON-1-1-20-I,2018-06-23,3,2
105,10,8,0,0,2,14,4,SO,GAT,CON,,,control,39,SO-GAT-CON-3,3,20,S,SO-GAT-CON-3-3-20-S,2018-09-24,20,3
106,2,27,0,0,1,14,4,SO,GAT,CON,,,control,38,SO-GAT-CON-2,2,10,I,SO-GAT-CON-2-2-10-I,2018-09-24,30,3
108,3,0,0,0,0,14,4,CH,JCB,1,15.0,,burned,2,CH-JCB-01-2,3,20,I,CH-JCB-01-2-3-20-I,2018-10-19,3,1
109,0,0,0,5,4,14,4,GB,OW,CON,,,control,16,GB-OW-CON-1,2,10,S,GB-OW-CON-1-2-10-S,2018-06-26,9,2
110,1,0,0,0,0,14,4,CP,,CON,,,control,32,MV-CON-2,2,20,S,MV-CON-2-2-2-20-S,2018-06-07,1,1
111,1,0,0,0,0,14,4,GB,OW,CON,,,control,16,GB-OW-CON-1,1,20,I,GB-OW-CON-1-1-20-I,2018-06-26,1,1
112,103,1,0,0,0,14,4,SO,GST,CON,,,control,43,SO-GST-CON-1,3,10,S,SO-GST-CON-1-3-10-S,2018-09-25,104,2
114,16,17,0,0,0,15,3,SO,GST,CON,,,control,44,SO-GST-CON-2,2,20,S,SO-GST-CON-2-2-20-S,2018-09-25,33,2
115,6,20,0,0,0,15,3,SO,GST,CON,,,control,45,SO-GST-CON-3,1,20,I,SO-GST-CON-3-1-20-I,2018-09-26,26,2
116,1,1,0,0,0,15,3,SO,GST,5,15.0,,burned,40,SO-GST-05-1,1,10,S,SO-GST-05-1-1-10-S,2018-09-27,2,2
120,10,1,0,0,0,15,3,CH,KNT,89,30.0,,burned,7,CH-KNT-89-1,1,10,I,CH-KNT-89-1-1-10-I,2018-10-22,11,2
122,25,0,0,0,0,16,3,CH,JCB,CON,,,control,4,CH-JCB-CON-1,1,10,S,CH-JCB-CON-1-1-10-S,2018-10-21,25,1
123,29,1,0,0,0,16,3,CH,JCB,CON,,,control,4,CH-JCB-CON-1,2,20,S,CH-JCB-CON-1-2-20-S,2018-10-21,30,2
124,1,0,0,0,0,16,3,GB,OW,CON,,,control,17,GB-OW-CON-2,1,20,S,GB-OW-CON-2-1-20-S,2018-06-25,1,1
125,2,0,1,1,0,16,3,CP,,CON,,,control,31,MV-CON-1,1,20,S,MV-CON-1-1-1-20-S,2018-06-08,4,3
126,5,0,0,0,0,16,3,CH,KNT,CON,,,control,11,CH-KNT-CON-2,3,20,S,CH-KNT-CON-2-3-20-S,2018-10-24,5,1
127,2,43,0,0,0,16,3,SO,GST,CON,,,control,44,SO-GST-CON-2,2,20,I,SO-GST-CON-2-2-20-I,2018-09-25,45,2
128,29,0,0,0,5,16,3,SO,GAT,CON,,,control,37,SO-GAT-CON-1,2,10,S,SO-GAT-CON-1-2-10-S,2018-09-24,34,2
129,20,1,0,0,0,17,3,SO,GST,CON,,,control,45,SO-GST-CON-3,2,20,S,SO-GST-CON-3-2-20-S,2018-09-26,21,2
130,3,1,0,0,0,17,3,SO,GAT,80,30.0,,burned,34,SO-GAT-80-1,3,10,I,SO-GAT-80-1-3-10-I,2018-09-23,4,2
131,0,0,0,1,0,17,3,GB,OW,1,15.0,,burned,14,GB-OW-01-2,1,20,S,GB-OW-01-2-1-20-S,2018-06-26,1,1
132,6,1,0,20,0,17,3,GB,OW,1,15.0,,burned,13,GB-OW-01-1,3,10,S,GB-OW-01-1-3-10-S,2018-06-26,27,3
133,5,0,0,0,0,17,3,CH,KNT,89,30.0,,burned,8,CH-KNT-89-2,2,10,I,CH-KNT-89-2-2-10-I,2018-10-22,5,1
134,0,3,3,3,0,17,3,CP,,89,30.0,,burned,28,MV-89-1,1,20,S,MV-89-1-1-1-20-S,2018-06-07,9,3
135,22,1,0,0,2,17,3,SO,GAT,80,30.0,,burned,34,SO-GAT-80-1,2,20,S,SO-GAT-80-1-2-20-S,2018-09-23,25,3
136,4,0,0,2,0,17,3,CH,JCB,1,15.0,,burned,3,CH-JCB-01-3,2,20,S,CH-JCB-01-3-2-20-S,2018-10-20,6,2
137,4,0,0,0,0,18,2,CH,JCB,CON,,,control,6,CH-JCB-CON-3,2,20,I,CH-JCB-CON-3-2-20-I,2018-10-21,4,1
138,2,0,0,3,0,18,2,CP,,CON,,,control,31,MV-CON-1,3,20,I,MV-CON-1-3-3-20-I,2018-06-08,5,2
139,2,0,5,17,0,18,2,CP,,89,30.0,,burned,28,MV-89-1,2,10,I,MV-89-1-2-2-10-I,2018-06-07,24,3
140,6,0,0,0,0,18,2,CH,JCB,CON,,,control,6,CH-JCB-CON-3,2,10,I,CH-JCB-CON-3-2-10-I,2018-10-21,6,1
141,0,2,0,0,0,18,2,CP,,0,15.0,,burned,25,MV-00-1,1,20,S,MV-00-1-1-1-20-S,2018-06-08,2,1
142,1,1,0,0,0,18,2,GB,RAD,CON,,,control,22,GB-RAD-CON-1,2,10,S,GB-RAD-CON-1-2-10-S,2018-06-23,2,2
143,9,0,0,0,0,18,2,CH,JCB,1,15.0,,burned,1,CH-JCB-01-1,2,20,I,CH-JCB-01-1-2-20-I,2018-10-20,9,1
145,3,0,8,7,0,19,2,CP,,89,30.0,,burned,28,MV-89-1,3,20,I,MV-89-1-3-3-20-I,2018-06-07,18,3
146,0,0,0,13,1,19,2,GB,OW,1,15.0,,burned,13,GB-OW-01-1,1,10,S,GB-OW-01-1-1-10-S,2018-06-26,14,2
147,3,0,0,8,0,19,2,GB,OW,CON,,,control,16,GB-OW-CON-1,1,10,S,GB-OW-CON-1-1-10-S,2018-06-26,11,2
148,43,0,0,0,0,19,2,CH,JCB,CON,,,control,5,CH-JCB-CON-2,2,10,S,CH-JCB-CON-2-2-10-S,2018-10-21,43,1
149,2,5,0,5,0,19,2,GB,OW,1,15.0,,burned,15,GB-OW-01-3,3,20,S,GB-OW-01-3-3-20-S,2018-06-26,12,3
150,7,16,0,0,1,19,2,SO,GAT,CON,,,control,39,SO-GAT-CON-3,2,20,S,SO-GAT-CON-3-2-20-S,2018-09-24,24,3
151,17,2,0,0,4,19,2,SO,GST,5,15.0,,burned,41,SO-GST-05-2,3,20,S,SO-GST-05-2-3-20-S,2018-09-27,23,3
152,5,1,0,0,1,19,2,SO,GST,5,15.0,,burned,42,SO-GST-05-3,2,20,S,SO-GST-05-3-2-20-S,2018-09-26,7,3
153,1,0,0,0,0,20,2,CH,KNT,89,30.0,,burned,8,CH-KNT-89-2,1,10,I,CH-KNT-89-2-1-10-I,2018-10-22,1,1
155,6,0,0,0,0,20,2,CH,KNT,89,30.0,,burned,7,CH-KNT-89-1,2,10,S,CH-KNT-89-1-2-10-S,2018-10-22,6,1
156,1,4,0,0,0,20,2,SO,GST,CON,,,control,43,SO-GST-CON-1,1,10,I,SO-GST-CON-1-1-10-I,2018-09-25,5,2
157,6,0,0,0,0,20,2,CH,KNT,CON,,,control,12,CH-KNT-CON-3,1,20,S,CH-KNT-CON-3-1-20-S,2018-10-24,6,1
158,0,0,0,5,0,20,2,GB,OW,CON,,,control,16,GB-OW-CON-1,1,20,S,GB-OW-CON-1-1-20-S,2018-06-26,5,1
159,32,0,1,0,0,20,2,CH,JCB,CON,,,control,4,CH-JCB-CON-1,3,10,S,CH-JCB-CON-1-3-10-S,2018-10-21,33,2
160,0,0,0,4,0,20,2,GB,OW,CON,,,control,16,GB-OW-CON-1,3,10,I,GB-OW-CON-1-3-10-I,2018-06-26,4,1
161,1,1,0,6,0,21,1,GB,OW,1,15.0,,burned,14,GB-OW-01-2,2,20,S,GB-OW-01-2-2-20-S,2018-06-26,8,3
162,2,1,0,0,0,21,1,GB,RAD,84,30.0,,burned,21,GB-RAD-84-3,1,10,I,GB-RAD-84-3-1-10-I,2018-06-27,3,2
163,32,4,0,0,0,21,1,SO,GAT,CON,,,control,37,SO-GAT-CON-1,1,20,I,SO-GAT-CON-1-1-20-I,2018-09-24,36,2
164,2,1,0,0,0,21,1,SO,GAT,80,30.0,,burned,36,SO-GAT-80-3,2,20,I,SO-GAT-80-3-2-20-I,2018-09-23,3,2
165,15,9,0,0,0,21,1,SO,GAT,CON,,,control,38,SO-GAT-CON-2,1,10,I,SO-GAT-CON-2-1-10-I,2018-09-24,24,2
166,1,0,0,9,1,21,1,GB,OW,CON,,,control,16,GB-OW-CON-1,3,20,S,GB-OW-CON-1-3-20-S,2018-06-26,11,3
168,2,0,0,6,0,21,1,GB,OW,1,15.0,,burned,13,GB-OW-01-1,2,10,S,GB-OW-01-1-2-10-S,2018-06-26,8,2
169,4,3,0,0,0,22,1,GB,RAD,CON,,,control,22,GB-RAD-CON-1,2,20,S,GB-RAD-CON-1-2-20-S,2018-06-23,7,2
171,9,0,0,0,0,22,1,CH,JCB,CON,,,control,6,CH-JCB-CON-3,1,10,S,CH-JCB-CON-3-1-10-S,2018-10-21,9,1
172,1,0,0,3,0,22,1,GB,OW,1,15.0,,burned,14,GB-OW-01-2,3,20,I,GB-OW-01-2-3-20-I,2018-06-26,4,2
173,0,1,2,13,0,22,1,CP,,89,30.0,,burned,28,MV-89-1,3,10,S,MV-89-1-3-3-10-S,2018-06-07,16,3
174,0,1,0,0,2,22,1,SO,GST,5,15.0,,burned,42,SO-GST-05-3,3,20,I,SO-GST-05-3-3-20-I,2018-09-26,3,2
175,7,0,0,0,0,22,1,CH,JCB,1,15.0,,burned,3,CH-JCB-01-3,2,10,S,CH-JCB-01-3-2-10-S,2018-10-20,7,1
176,7,1,1,0,0,22,1,GB,RAD,CON,,,control,24,GB-RAD-CON-3,3,20,S,GB-RAD-CON-3-3-20-S,2018-06-24,9,3
177,5,1,0,0,0,23,1,CH,KNT,CON,,,control,10,CH-KNT-CON-1,3,10,I,CH-KNT-CON-1-3-10-I,2018-10-24,6,2
178,7,0,0,0,0,23,1,CH,KNT,89,30.0,,burned,9,CH-KNT-89-3,2,20,I,CH-KNT-89-3-2-20-I,2018-10-22,7,1
179,3,0,0,0,0,23,1,SO,GST,CON,,,control,45,SO-GST-CON-3,3,20,I,SO-GST-CON-3-3-20-I,2018-09-26,3,1
181,1,0,0,0,0,23,1,GB,RAD,84,30.0,,burned,19,GB-RAD-84-1,3,20,I,GB-RAD-84-1-3-20-I,2018-06-23,1,1
182,0,7,1,1,0,23,1,GB,RAD,84,30.0,,burned,20,GB-RAD-84-2,3,10,S,GB-RAD-84-2-3-10-S,2018-06-23,9,3
183,5,0,0,0,0,23,1,CH,KNT,89,30.0,,burned,9,CH-KNT-89-3,3,20,S,CH-KNT-89-3-3-20-S,2018-10-22,5,1
184,3,0,0,0,0,23,1,CH,JCB,1,15.0,,burned,1,CH-JCB-01-1,3,20,I,CH-JCB-01-1-3-20-I,2018-10-20,3,1
185,3,1,4,1,0,24,1,GB,RAD,84,30.0,,burned,21,GB-RAD-84-3,3,20,S,GB-RAD-84-3-3-20-S,2018-06-27,9,4
186,1,0,0,0,0,24,1,CP,,0,15.0,,burned,25,MV-00-1,3,20,I,MV-00-1-3-3-20-I,2018-06-08,1,1
187,1,0,0,0,0,24,1,SO,GAT,CON,,,control,39,SO-GAT-CON-3,1,10,I,SO-GAT-CON-3-1-10-I,2018-09-24,1,1
188,0,0,6,3,0,24,1,CP,,89,30.0,,burned,28,MV-89-1,3,20,S,MV-89-1-3-3-20-S,2018-06-07,9,2
189,1,0,0,0,0,24,1,GB,OW,1,15.0,,burned,15,GB-OW-01-3,3,10,I,GB-OW-01-3-3-10-I,2018-06-26,1,1
190,0,2,0,0,0,24,1,SO,GST,5,15.0,,burned,42,SO-GST-05-3,3,10,I,SO-GST-05-3-3-10-I,2018-09-26,2,1
191,3,0,0,0,0,24,1,SO,GAT,80,30.0,,burned,36,SO-GAT-80-3,1,20,I,SO-GAT-80-3-1-20-I,2018-09-23,3,1
192,2,0,0,7,0,24,1,GB,OW,CON,,,control,18,GB-OW-CON-3,2,10,S,GB-OW-CON-3-2-10-S,2018-06-25,9,2
193,18,1,0,0,1,25,2,SO,GAT,80,30.0,,burned,34,SO-GAT-80-1,3,10,S,SO-GAT-80-1-3-10-S,2018-09-23,20,3
194,12,0,0,0,0,25,2,SO,GAT,CON,,,control,37,SO-GAT-CON-1,3,10,I,SO-GAT-CON-1-3-10-I,2018-09-24,12,1
196,49,0,0,0,4,25,2,SO,GAT,80,30.0,,burned,34,SO-GAT-80-1,1,10,S,SO-GAT-80-1-1-10-S,2018-09-23,53,2
197,1,1,0,0,0,25,2,GB,OW,1,15.0,,burned,15,GB-OW-01-3,2,20,S,GB-OW-01-3-2-20-S,2018-06-26,2,2
198,8,0,0,0,0,25,2,CH,JCB,1,15.0,,burned,2,CH-JCB-01-2,1,20,S,CH-JCB-01-2-1-20-S,2018-10-19,8,1
199,0,0,0,2,0,25,2,GB,OW,CON,,,control,16,GB-OW-CON-1,3,20,I,GB-OW-CON-1-3-20-I,2018-06-26,2,1
200,4,0,0,0,0,25,2,SO,GAT,80,30.0,,burned,34,SO-GAT-80-1,1,20,I,SO-GAT-80-1-1-20-I,2018-09-23,4,1
201,2,0,0,0,0,26,2,CP,,CON,,,control,33,MV-CON-3,2,10,S,MV-CON-3-2-2-10-S,2018-06-07,2,1
202,15,2,0,0,0,26,2,SO,GAT,CON,,,control,38,SO-GAT-CON-2,2,20,S,SO-GAT-CON-2-2-20-S,2018-09-24,17,2
203,12,0,0,0,0,26,2,CH,KNT,89,30.0,,burned,9,CH-KNT-89-3,3,10,I,CH-KNT-89-3-3-10-I,2018-10-22,12,1
204,3,5,0,0,0,26,2,SO,GST,5,15.0,,burned,40,SO-GST-05-1,2,10,I,SO-GST-05-1-2-10-I,2018-09-27,8,2
205,7,2,0,0,0,26,2,SO,GAT,CON,,,control,37,SO-GAT-CON-1,3,20,S,SO-GAT-CON-1-3-20-S,2018-09-24,9,2
206,0,0,1,20,0,26,2,CP,,89,30.0,,burned,30,MV-89-3,3,20,I,MV-89-3-3-3-20-I,2018-06-07,21,2
207,29,0,1,0,2,26,2,SO,GAT,CON,,,control,37,SO-GAT-CON-1,1,10,S,SO-GAT-CON-1-1-10-S,2018-09-24,32,3
208,2,1,1,15,0,26,2,CP,,89,30.0,,burned,29,MV-89-2,3,20,I,MV-89-2-3-3-20-I,2018-06-07,19,4
209,1,0,0,0,0,27,2,GB,RAD,CON,,,control,24,GB-RAD-CON-3,1,10,S,GB-RAD-CON-3-1-10-S,2018-06-24,1,1
211,1,1,0,2,0,27,2,CP,,89,30.0,,burned,29,MV-89-2,1,10,S,MV-89-2-1-1-10-S,2018-06-07,4,3
212,4,1,0,0,0,27,2,GB,RAD,84,30.0,,burned,19,GB-RAD-84-1,2,20,I,GB-RAD-84-1-2-20-I,2018-06-23,5,2
213,1,0,0,2,0,27,2,CP,,89,30.0,,burned,30,MV-89-3,2,10,S,MV-89-3-2-2-10-S,2018-06-07,3,2
214,13,0,0,0,0,27,2,CH,JCB,CON,,,control,6,CH-JCB-CON-3,2,20,S,CH-JCB-CON-3-2-20-S,2018-10-21,13,1
215,0,0,0,8,0,27,2,GB,OW,1,15.0,,burned,14,GB-OW-01-2,1,20,I,GB-OW-01-2-1-20-I,2018-06-26,8,1
216,5,0,0,0,0,27,2,CH,KNT,89,30.0,,burned,9,CH-KNT-89-3,1,20,I,CH-KNT-89-3-1-20-I,2018-10-22,5,1
217,0,1,0,0,0,28,3,GB,RAD,84,30.0,,burned,19,GB-RAD-84-1,1,10,I,GB-RAD-84-1-1-10-I,2018-06-23,1,1
218,0,3,0,0,1,28,3,SO,GST,5,15.0,,burned,42,SO-GST-05-3,2,20,I,SO-GST-05-3-2-20-I,2018-09-26,4,2
219,0,1,0,0,0,28,3,GB,RAD,CON,,,control,23,GB-RAD-CON-2,3,20,S,GB-RAD-CON-2-3-20-S,2018-06-23,1,1
220,10,0,0,0,0,28,3,CH,JCB,1,15.0,,burned,1,CH-JCB-01-1,1,10,S,CH-JCB-01-1-1-10-S,2018-10-20,10,1
221,2,3,0,29,0,28,3,CP,,89,30.0,,burned,30,MV-89-3,1,20,S,MV-89-3-1-1-20-S,2018-06-07,34,3
223,0,1,0,0,0,28,3,GB,RAD,CON,,,control,23,GB-RAD-CON-2,3,20,I,GB-RAD-CON-2-3-20-I,2018-06-23,1,1
224,1,0,0,0,0,28,3,CP,,CON,,,control,32,MV-CON-2,2,10,S,MV-CON-2-2-2-10-S,2018-06-07,1,1
226,1,2,0,0,0,29,3,GB,RAD,CON,,,control,22,GB-RAD-CON-1,2,10,I,GB-RAD-CON-1-2-10-I,2018-06-23,3,2
227,3,0,0,0,0,29,3,CH,KNT,89,30.0,,burned,8,CH-KNT-89-2,3,10,I,CH-KNT-89-2-3-10-I,2018-10-22,3,1
228,5,0,0,0,0,29,3,CH,JCB,CON,,,control,5,CH-JCB-CON-2,1,10,I,CH-JCB-CON-2-1-10-I,2018-10-21,5,1
229,0,3,0,0,0,29,3,SO,GAT,CON,,,control,38,SO-GAT-CON-2,3,10,I,SO-GAT-CON-2-3-10-I,2018-09-24,3,1
230,3,0,0,0,0,29,3,CH,KNT,89,30.0,,burned,7,CH-KNT-89-1,1,10,S,CH-KNT-89-1-1-10-S,2018-10-22,3,1
231,11,2,4,0,0,29,3,GB,RAD,84,30.0,,burned,21,GB-RAD-84-3,3,20,I,GB-RAD-84-3-3-20-I,2018-06-27,17,3
232,2,0,0,0,0,29,3,CH,JCB,1,15.0,,burned,3,CH-JCB-01-3,2,10,I,CH-JCB-01-3-2-10-I,2018-10-20,2,1
233,1,0,1,0,0,30,3,CP,,CON,,,control,33,MV-CON-3,1,10,I,MV-CON-3-1-1-10-I,2018-06-07,2,2
235,0,0,0,5,0,30,3,GB,OW,1,15.0,,burned,13,GB-OW-01-1,3,20,I,GB-OW-01-1-3-20-I,2018-06-26,5,1
236,11,10,0,0,1,30,3,SO,GST,CON,,,control,44,SO-GST-CON-2,3,20,S,SO-GST-CON-2-3-20-S,2018-09-25,22,3
237,5,0,0,0,0,30,3,CH,KNT,CON,,,control,10,CH-KNT-CON-1,1,20,S,CH-KNT-CON-1-1-20-S,2018-10-24,5,1
238,0,15,0,0,0,30,3,SO,GST,5,15.0,,burned,41,SO-GST-05-2,3,20,I,SO-GST-05-2-3-20-I,2018-09-27,15,1
240,5,0,0,0,0,30,3,CP,,CON,,,control,31,MV-CON-1,3,10,I,MV-CON-1-3-3-10-I,2018-06-08,5,1
241,0,0,1,5,0,31,4,CP,,89,30.0,,burned,30,MV-89-3,2,10,I,MV-89-3-2-2-10-I,2018-06-07,6,2
242,0,0,0,0,3,31,4,SO,GST,5,15.0,,burned,40,SO-GST-05-1,1,20,S,SO-GST-05-1-1-20-S,2018-09-27,3,1
243,3,8,0,0,3,31,4,SO,GST,5,15.0,,burned,40,SO-GST-05-1,2,10,S,SO-GST-05-1-2-10-S,2018-09-27,14,3
244,0,0,2,15,0,31,4,CP,,89,30.0,,burned,30,MV-89-3,3,10,S,MV-89-3-3-3-10-S,2018-06-07,17,2
245,0,3,0,0,0,31,4,GB,RAD,84,30.0,,burned,20,GB-RAD-84-2,3,10,I,GB-RAD-84-2-3-10-I,2018-06-23,3,1
246,3,0,0,2,0,31,4,CP,,CON,,,control,33,MV-CON-3,3,10,I,MV-CON-3-3-3-10-I,2018-06-07,5,2
247,6,5,0,0,0,31,4,GB,RAD,CON,,,control,24,GB-RAD-CON-3,1,20,S,GB-RAD-CON-3-1-20-S,2018-06-24,11,2
248,8,2,0,0,0,31,4,SO,GAT,80,30.0,,burned,34,SO-GAT-80-1,2,10,I,SO-GAT-80-1-2-10-I,2018-09-23,10,2
250,0,0,0,2,0,32,4,GB,OW,1,15.0,,burned,13,GB-OW-01-1,1,10,I,GB-OW-01-1-1-10-I,2018-06-26,2,1
251,0,0,1,0,0,32,4,CP,,0,15.0,,burned,25,MV-00-1,3,10,I,MV-00-1-3-3-10-I,2018-06-08,1,1
252,1,0,0,0,0,32,4,GB,OW,CON,,,control,17,GB-OW-CON-2,1,20,I,GB-OW-CON-2-1-20-I,2018-06-25,1,1
253,16,0,0,0,0,32,4,CH,JCB,CON,,,control,4,CH-JCB-CON-1,3,10,I,CH-JCB-CON-1-3-10-I,2018-10-21,16,1
255,1,0,0,0,0,32,4,CH,KNT,CON,,,control,12,CH-KNT-CON-3,3,20,S,CH-KNT-CON-3-3-20-S,2018-10-24,1,1
256,1,2,2,82,0,32,4,GB,RAD,84,30.0,,burned,21,GB-RAD-84-3,2,10,I,GB-RAD-84-3-2-10-I,2018-06-27,87,4
257,7,0,0,0,0,33,4,CH,JCB,1,15.0,,burned,2,CH-JCB-01-2,3,20,S,CH-JCB-01-2-3-20-S,2018-10-19,7,1
258,0,0,0,1,0,33,4,GB,OW,1,15.0,,burned,14,GB-OW-01-2,1,10,S,GB-OW-01-2-1-10-S,2018-06-26,1,1
259,1,0,0,0,0,33,4,CH,JCB,1,15.0,,burned,1,CH-JCB-01-1,2,20,S,CH-JCB-01-1-2-20-S,2018-10-20,1,1
260,4,1,0,0,0,33,4,GB,RAD,CON,,,control,22,GB-RAD-CON-1,1,20,S,GB-RAD-CON-1-1-20-S,2018-06-23,5,2
261,0,0,1,0,0,33,4,GB,RAD,CON,,,control,24,GB-RAD-CON-3,2,10,S,GB-RAD-CON-3-2-10-S,2018-06-24,1,1
262,16,3,13,2,0,33,4,CP,,89,30.0,,burned,29,MV-89-2,2,20,S,MV-89-2-2-2-20-S,2018-06-07,34,4
263,1,0,0,4,0,33,4,GB,OW,1,15.0,,burned,13,GB-OW-01-1,1,20,S,GB-OW-01-1-1-20-S,2018-06-26,5,2
265,9,0,0,0,0,34,4,CH,KNT,CON,,,control,12,CH-KNT-CON-3,1,20,I,CH-KNT-CON-3-1-20-I,2018-10-24,9,1
266,7,0,0,0,0,34,4,CH,KNT,CON,,,control,10,CH-KNT-CON-1,2,10,I,CH-KNT-CON-1-2-10-I,2018-10-24,7,1
267,7,0,0,0,0,34,4,CH,KNT,CON,,,control,10,CH-KNT-CON-1,1,10,I,CH-KNT-CON-1-1-10-I,2018-10-24,7,1
268,28,3,0,0,0,34,4,SO,GAT,80,30.0,,burned,35,SO-GAT-80-2,3,10,I,SO-GAT-80-2-3-10-I,2018-09-23,31,2
270,2,0,1,0,0,34,4,CP,,CON,,,control,33,MV-CON-3,2,20,I,MV-CON-3-2-2-20-I,2018-06-07,3,2
271,7,15,5,3,0,34,4,GB,RAD,84,30.0,,burned,20,GB-RAD-84-2,1,20,S,GB-RAD-84-2-1-20-S,2018-06-23,30,4
272,0,39,0,0,0,34,4,GB,RAD,84,30.0,,burned,20,GB-RAD-84-2,2,20,I,GB-RAD-84-2-2-20-I,2018-06-23,39,1
273,1,0,0,2,0,35,4,GB,RAD,CON,,,control,23,GB-RAD-CON-2,2,10,S,GB-RAD-CON-2-2-10-S,2018-06-23,3,2
274,0,1,10,6,0,35,4,CP,,89,30.0,,burned,29,MV-89-2,1,10,I,MV-89-2-1-1-10-I,2018-06-07,17,3
275,0,0,0,0,4,35,4,SO,GAT,80,30.0,,burned,36,SO-GAT-80-3,3,10,S,SO-GAT-80-3-3-10-S,2018-09-23,4,1
276,7,0,0,0,0,35,4,CH,KNT,89,30.0,,burned,7,CH-KNT-89-1,3,10,I,CH-KNT-89-1-3-10-I,2018-10-22,7,1
277,1,0,0,0,0,35,4,CH,KNT,CON,,,control,11,CH-KNT-CON-2,1,10,S,CH-KNT-CON-2-1-10-S,2018-10-24,1,1
278,8,33,0,0,1,35,4,SO,GST,CON,,,control,44,SO-GST-CON-2,1,20,I,SO-GST-CON-2-1-20-I,2018-09-25,42,3
279,42,1,0,0,1,35,4,SO,GAT,CON,,,control,37,SO-GAT-CON-1,2,10,I,SO-GAT-CON-1-2-10-I,2018-09-24,44,3
280,1,1,0,0,0,35,4,CH,KNT,89,30.0,,burned,9,CH-KNT-89-3,1,10,I,CH-KNT-89-3-1-10-I,2018-10-22,2,2
281,1,0,1,8,0,36,4,CP,,89,30.0,,burned,30,MV-89-3,3,10,I,MV-89-3-3-3-10-I,2018-06-07,10,3
282,8,0,0,0,0,36,4,CH,JCB,1,15.0,,burned,1,CH-JCB-01-1,2,10,S,CH-JCB-01-1-2-10-S,2018-10-20,8,1
283,15,0,0,0,0,36,4,CH,JCB,1,15.0,,burned,2,CH-JCB-01-2,2,20,I,CH-JCB-01-2-2-20-I,2018-10-19,15,1
284,0,0,2,0,0,36,4,CP,,0,15.0,,burned,25,MV-00-1,2,20,S,MV-00-1-2-2-20-S,2018-06-08,2,1
285,4,3,1,1,0,36,4,GB,RAD,84,30.0,,burned,21,GB-RAD-84-3,1,20,I,GB-RAD-84-3-1-20-I,2018-06-27,9,4
286,0,26,0,0,0,36,4,SO,GST,CON,,,control,43,SO-GST-CON-1,3,20,I,SO-GST-CON-1-3-20-I,2018-09-25,26,1
287,0,0,0,3,0,36,4,CP,,0,15.0,,burned,27,MV-00-3,1,20,I,MV-00-3-1-1-20-I,2018-06-08,3,1
288,7,0,0,0,0,36,4,CH,JCB,CON,,,control,4,CH-JCB-CON-1,3,20,I,CH-JCB-CON-1-3-20-I,2018-10-21,7,1
289,0,0,0,2,0,37,3,GB,OW,1,15.0,,burned,15,GB-OW-01-3,1,10,I,GB-OW-01-3-1-10-I,2018-06-26,2,1
290,3,0,0,0,0,37,3,SO,GAT,CON,,,control,37,SO-GAT-CON-1,3,20,I,SO-GAT-CON-1-3-20-I,2018-09-24,3,1
291,1,0,0,0,0,37,3,CH,KNT,CON,,,control,12,CH-KNT-CON-3,2,10,I,CH-KNT-CON-3-2-10-I,2018-10-24,1,1
292,1,0,0,0,0,37,3,CH,KNT,CON,,,control,12,CH-KNT-CON-3,3,10,I,CH-KNT-CON-3-3-10-I,2018-10-24,1,1
293,0,0,0,3,0,37,3,GB,OW,CON,,,control,18,GB-OW-CON-3,3,10,I,GB-OW-CON-3-3-10-I,2018-06-25,3,1
294,25,21,0,0,0,37,3,SO,GST,CON,,,control,44,SO-GST-CON-2,2,10,S,SO-GST-CON-2-2-10-S,2018-09-25,46,2
295,7,4,0,2,0,37,3,GB,RAD,84,30.0,,burned,21,GB-RAD-84-3,2,20,S,GB-RAD-84-3-2-20-S,2018-06-27,13,3
296,0,0,0,0,3,37,3,SO,GAT,CON,,,control,38,SO-GAT-CON-2,3,20,S,SO-GAT-CON-2-3-20-S,2018-09-24,3,1
297,1,1,0,0,0,38,3,GB,OW,CON,,,control,17,GB-OW-CON-2,3,10,S,GB-OW-CON-2-3-10-S,2018-06-25,2,2
298,1,0,0,1,0,38,3,CP,,0,15.0,,burned,27,MV-00-3,2,20,S,MV-00-3-2-2-20-S,2018-06-08,2,2
299,5,0,0,0,2,38,3,SO,GAT,CON,,,control,39,SO-GAT-CON-3,2,10,S,SO-GAT-CON-3-2-10-S,2018-09-24,7,2
300,8,1,2,3,0,38,3,GB,RAD,84,30.0,,burned,21,GB-RAD-84-3,3,10,S,GB-RAD-84-3-3-10-S,2018-06-27,14,4
301,0,1,0,0,0,38,3,GB,RAD,CON,,,control,23,GB-RAD-CON-2,3,10,I,GB-RAD-CON-2-3-10-I,2018-06-23,1,1
302,1,0,6,11,0,38,3,CP,,89,30.0,,burned,28,MV-89-1,2,20,I,MV-89-1-2-2-20-I,2018-06-07,18,3
303,0,0,0,3,0,38,3,GB,OW,CON,,,control,18,GB-OW-CON-3,3,10,S,GB-OW-CON-3-3-10-S,2018-06-25,3,1
304,14,0,0,0,0,38,3,CH,KNT,CON,,,control,11,CH-KNT-CON-2,1,20,I,CH-KNT-CON-2-1-20-I,2018-10-24,14,1
305,1,0,0,2,0,39,3,CP,,0,15.0,,burned,26,MV-00-2,2,20,S,MV-00-2-2-2-20-S,2018-06-08,3,2
306,3,0,1,7,0,39,3,CP,,CON,,,control,31,MV-CON-1,1,10,I,MV-CON-1-1-1-10-I,2018-06-08,11,3
308,1,0,2,0,0,39,3,CP,,CON,,,control,33,MV-CON-3,1,20,I,MV-CON-3-1-1-20-I,2018-06-07,3,2
309,3,0,0,0,0,39,3,CH,JCB,CON,,,control,5,CH-JCB-CON-2,3,20,I,CH-JCB-CON-2-3-20-I,2018-10-21,3,1
310,1,5,0,0,2,39,3,SO,GST,5,15.0,,burned,41,SO-GST-05-2,3,10,S,SO-GST-05-2-3-10-S,2018-09-27,8,3
311,0,1,1,0,0,39,3,CP,,0,15.0,,burned,27,MV-00-3,1,10,S,MV-00-3-1-1-10-S,2018-06-08,2,2
312,1,0,25,59,0,39,3,CP,,89,30.0,,burned,29,MV-89-2,3,10,I,MV-89-2-3-3-10-I,2018-06-07,85,3
313,1,1,0,2,0,40,2,GB,RAD,CON,,,control,23,GB-RAD-CON-2,1,10,I,GB-RAD-CON-2-1-10-I,2018-06-23,4,3
314,42,0,0,0,0,40,2,CH,JCB,CON,,,control,4,CH-JCB-CON-1,2,10,S,CH-JCB-CON-1-2-10-S,2018-10-21,42,1
315,4,2,0,0,0,40,2,SO,GST,CON,,,control,45,SO-GST-CON-3,2,10,S,SO-GST-CON-3-2-10-S,2018-09-26,6,2
316,2,2,0,0,0,40,2,GB,RAD,84,30.0,,burned,19,GB-RAD-84-1,2,20,S,GB-RAD-84-1-2-20-S,2018-06-23,4,2
317,3,8,0,0,0,40,2,SO,GST,CON,,,control,43,SO-GST-CON-1,1,10,S,SO-GST-CON-1-1-10-S,2018-09-25,11,2
318,0,0,0,3,0,40,2,GB,OW,CON,,,control,17,GB-OW-CON-2,3,20,I,GB-OW-CON-2-3-20-I,2018-06-25,3,1
319,7,0,0,0,0,40,2,CH,JCB,CON,,,control,6,CH-JCB-CON-3,3,20,I,CH-JCB-CON-3-3-20-I,2018-10-21,7,1
320,0,0,0,3,0,40,2,CP,,89,30.0,,burned,29,MV-89-2,2,20,I,MV-89-2-2-2-20-I,2018-06-07,3,1
321,2,1,0,0,1,41,2,SO,GST,5,15.0,,burned,42,SO-GST-05-3,1,10,S,SO-GST-05-3-1-10-S,2018-09-26,4,3
322,0,0,0,2,0,41,2,GB,OW,1,15.0,,burned,13,GB-OW-01-1,3,20,S,GB-OW-01-1-3-20-S,2018-06-26,2,1
323,1,0,1,3,0,41,2,GB,OW,CON,,,control,18,GB-OW-CON-3,1,10,I,GB-OW-CON-3-1-10-I,2018-06-25,5,3
325,5,12,0,0,0,41,2,SO,GST,CON,,,control,44,SO-GST-CON-2,3,10,S,SO-GST-CON-2-3-10-S,2018-09-25,17,2
326,8,0,0,0,0,41,2,CH,JCB,1,15.0,,burned,2,CH-JCB-01-2,3,10,S,CH-JCB-01-2-3-10-S,2018-10-19,8,1
327,4,0,0,0,0,41,2,CH,KNT,89,30.0,,burned,9,CH-KNT-89-3,3,10,S,CH-KNT-89-3-3-10-S,2018-10-22,4,1
328,0,0,0,3,0,41,2,GB,OW,1,15.0,,burned,14,GB-OW-01-2,3,20,S,GB-OW-01-2-3-20-S,2018-06-26,3,1
329,1,0,1,159,0,42,2,GB,RAD,84,30.0,,burned,21,GB-RAD-84-3,2,20,I,GB-RAD-84-3-2-20-I,2018-06-27,161,3
330,3,0,0,0,0,42,2,CH,KNT,CON,,,control,10,CH-KNT-CON-1,3,20,S,CH-KNT-CON-1-3-20-S,2018-10-24,3,1
331,1,0,0,0,0,42,2,CH,KNT,CON,,,control,11,CH-KNT-CON-2,3,10,S,CH-KNT-CON-2-3-10-S,2018-10-24,1,1
332,0,0,0,1,0,42,2,GB,OW,1,15.0,,burned,15,GB-OW-01-3,1,20,I,GB-OW-01-3-1-20-I,2018-06-26,1,1
333,4,1,0,0,0,42,2,SO,GST,CON,,,control,43,SO-GST-CON-1,1,20,S,SO-GST-CON-1-1-20-S,2018-09-25,5,2
334,8,60,0,0,0,42,2,SO,GST,CON,,,control,44,SO-GST-CON-2,3,20,I,SO-GST-CON-2-3-20-I,2018-09-25,68,2
335,6,2,0,0,0,42,2,SO,GAT,CON,,,control,39,SO-GAT-CON-3,3,10,S,SO-GAT-CON-3-3-10-S,2018-09-24,8,2
336,6,0,0,0,0,42,2,CH,KNT,CON,,,control,11,CH-KNT-CON-2,3,20,I,CH-KNT-CON-2-3-20-I,2018-10-24,6,1
337,25,0,0,1,0,43,1,CH,KNT,89,30.0,,burned,9,CH-KNT-89-3,1,20,S,CH-KNT-89-3-1-20-S,2018-10-22,26,2
338,1,0,0,4,0,43,1,GB,OW,CON,,,control,16,GB-OW-CON-1,3,10,S,GB-OW-CON-1-3-10-S,2018-06-26,5,2
339,0,1,0,0,0,43,1,SO,GST,5,15.0,,burned,41,SO-GST-05-2,3,10,I,SO-GST-05-2-3-10-I,2018-09-27,1,1
340,2,0,0,0,0,43,1,SO,GST,5,15.0,,burned,41,SO-GST-05-2,2,20,I,SO-GST-05-2-2-20-I,2018-09-27,2,1
341,1,0,0,0,0,43,1,CH,KNT,89,30.0,,burned,8,CH-KNT-89-2,1,20,S,CH-KNT-89-2-1-20-S,2018-10-22,1,1
342,15,0,0,0,0,43,1,CH,JCB,1,15.0,,burned,1,CH-JCB-01-1,1,20,I,CH-JCB-01-1-1-20-I,2018-10-20,15,1
343,11,0,0,0,0,43,1,CH,KNT,89,30.0,,burned,7,CH-KNT-89-1,2,10,I,CH-KNT-89-1-2-10-I,2018-10-22,11,1
344,1,1,0,17,3,43,1,GB,OW,1,15.0,,burned,14,GB-OW-01-2,3,10,S,GB-OW-01-2-3-10-S,2018-06-26,22,4
345,1,0,0,0,0,44,1,CP,,CON,,,control,33,MV-CON-3,1,10,S,MV-CON-3-1-1-10-S,2018-06-07,1,1
346,6,3,0,0,2,44,1,SO,GST,5,15.0,,burned,42,SO-GST-05-3,1,20,I,SO-GST-05-3-1-20-I,2018-09-26,11,3
347,54,0,0,0,0,44,1,CH,KNT,CON,,,control,10,CH-KNT-CON-1,3,10,S,CH-KNT-CON-1-3-10-S,2018-10-24,54,1
348,1,0,0,0,0,44,1,CP,,0,15.0,,burned,25,MV-00-1,2,10,I,MV-00-1-2-2-10-I,2018-06-08,1,1
349,0,8,3,0,0,44,1,GB,RAD,84,30.0,,burned,20,GB-RAD-84-2,2,20,S,GB-RAD-84-2-2-20-S,2018-06-23,11,2
350,18,1,0,0,1,44,1,SO,GAT,CON,,,control,37,SO-GAT-CON-1,3,10,S,SO-GAT-CON-1-3-10-S,2018-09-24,20,3
352,1,1,0,0,0,44,1,SO,GST,CON,,,control,45,SO-GST-CON-3,2,10,I,SO-GST-CON-3-2-10-I,2018-09-26,2,2
353,11,1,0,0,1,45,6,SO,GAT,80,30.0,,burned,35,SO-GAT-80-2,2,20,I,SO-GAT-80-2-2-20-I,2018-09-23,13,3
354,6,0,0,0,6,45,6,SO,GAT,80,30.0,,burned,35,SO-GAT-80-2,1,10,S,SO-GAT-80-2-1-10-S,2018-09-23,12,2
355,1,0,0,1,0,45,6,GB,OW,CON,,,control,16,GB-OW-CON-1,2,20,S,GB-OW-CON-1-2-20-S,2018-06-26,2,2
356,0,0,4,27,0,45,6,CP,,89,30.0,,burned,30,MV-89-3,1,20,I,MV-89-3-1-1-20-I,2018-06-07,31,2
357,2,1,0,0,0,45,6,GB,RAD,CON,,,control,22,GB-RAD-CON-1,3,10,S,GB-RAD-CON-1-3-10-S,2018-06-23,3,2
358,9,0,5,0,0,45,6,CP,,CON,,,control,31,MV-CON-1,2,20,I,MV-CON-1-2-2-20-I,2018-06-08,14,2
359,24,2,0,0,0,45,6,SO,GAT,CON,,,control,37,SO-GAT-CON-1,1,20,S,SO-GAT-CON-1-1-20-S,2018-09-24,26,2
361,2,0,0,0,0,46,6,GB,RAD,CON,,,control,24,GB-RAD-CON-3,3,20,I,GB-RAD-CON-3-3-20-I,2018-06-23,2,1
363,18,0,1,0,0,46,6,CH,JCB,CON,,,control,4,CH-JCB-CON-1,2,10,I,CH-JCB-CON-1-2-10-I,2018-10-21,19,2
364,0,0,0,3,0,46,6,GB,OW,1,15.0,,burned,13,GB-OW-01-1,2,20,I,GB-OW-01-1-2-20-I,2018-06-26,3,1
365,21,12,0,0,0,46,6,SO,GAT,80,30.0,,burned,36,SO-GAT-80-3,3,20,I,SO-GAT-80-3-3-20-I,2018-09-23,33,2
366,15,0,0,0,1,46,6,SO,GAT,80,30.0,,burned,34,SO-GAT-80-1,3,20,I,SO-GAT-80-1-3-20-I,2018-09-23,16,2
367,13,0,0,0,0,46,6,CH,JCB,CON,,,control,4,CH-JCB-CON-1,1,20,S,CH-JCB-CON-1-1-20-S,2018-10-21,13,1
368,13,0,0,1,0,46,6,CH,JCB,CON,,,control,5,CH-JCB-CON-2,3,20,S,CH-JCB-CON-2-3-20-S,2018-10-21,14,2
370,4,2,0,0,0,47,6,GB,RAD,CON,,,control,22,GB-RAD-CON-1,3,20,I,GB-RAD-CON-1-3-20-I,2018-06-23,6,2
371,2,0,0,0,0,47,6,CH,JCB,1,15.0,,burned,3,CH-JCB-01-3,3,20,I,CH-JCB-01-3-3-20-I,2018-10-20,2,1
372,1,1,0,2,0,47,6,GB,RAD,84,30.0,,burned,20,GB-RAD-84-2,3,20,I,GB-RAD-84-2-3-20-I,2018-06-23,4,3
373,1,1,0,1,0,47,6,GB,RAD,84,30.0,,burned,19,GB-RAD-84-1,2,10,S,GB-RAD-84-1-2-10-S,2018-06-23,3,3
374,9,1,0,0,0,47,6,CH,KNT,89,30.0,,burned,7,CH-KNT-89-1,3,10,S,CH-KNT-89-1-3-10-S,2018-10-22,10,2
375,11,0,0,0,3,47,6,SO,GAT,80,30.0,,burned,35,SO-GAT-80-2,3,10,S,SO-GAT-80-2-3-10-S,2018-09-23,14,2
376,7,0,0,0,0,47,6,CH,KNT,CON,,,control,11,CH-KNT-CON-2,1,10,I,CH-KNT-CON-2-1-10-I,2018-10-24,7,1
378,2,4,6,23,0,48,5,CP,,89,30.0,,burned,28,MV-89-1,2,20,S,MV-89-1-2-2-20-S,2018-06-07,35,4
379,3,0,0,1,0,48,5,CP,,89,30.0,,burned,29,MV-89-2,2,10,I,MV-89-2-2-2-10-I,2018-06-07,4,2
380,0,1,0,0,0,48,5,CP,,0,15.0,,burned,25,MV-00-1,3,10,S,MV-00-1-3-3-10-S,2018-06-08,1,1
381,12,0,0,0,1,48,5,SO,GST,CON,,,control,43,SO-GST-CON-1,2,20,S,SO-GST-CON-1-2-20-S,2018-09-25,13,2
382,13,0,0,0,0,48,5,CH,JCB,CON,,,control,5,CH-JCB-CON-2,1,20,S,CH-JCB-CON-2-1-20-S,2018-10-21,13,1
383,1,5,0,0,0,48,5,SO,GST,5,15.0,,burned,40,SO-GST-05-1,3,20,I,SO-GST-05-1-3-20-I,2018-09-27,6,2
384,0,0,0,5,0,48,5,GB,OW,CON,,,control,16,GB-OW-CON-1,2,10,I,GB-OW-CON-1-2-10-I,2018-06-26,5,1
385,3,0,1,0,0,49,5,CH,JCB,1,15.0,,burned,3,CH-JCB-01-3,1,20,S,CH-JCB-01-3-1-20-S,2018-10-20,4,2
386,13,0,0,0,0,49,5,CH,JCB,1,15.0,,burned,2,CH-JCB-01-2,2,20,S,CH-JCB-01-2-2-20-S,2018-10-19,13,1
387,1,0,0,1,0,49,5,GB,OW,1,15.0,,burned,14,GB-OW-01-2,2,20,I,GB-OW-01-2-2-20-I,2018-06-26,2,2
388,3,16,0,6,1,49,5,GB,RAD,84,30.0,,burned,20,GB-RAD-84-2,1,10,S,GB-RAD-84-2-1-10-S,2018-06-23,26,4
389,6,0,0,0,0,49,5,CP,,CON,,,control,31,MV-CON-1,2,10,S,MV-CON-1-2-2-10-S,2018-06-08,6,1
390,1,0,0,0,0,49,5,GB,RAD,CON,,,control,24,GB-RAD-CON-3,2,20,I,GB-RAD-CON-3-2-20-I,2018-06-24,1,1
391,0,6,0,0,0,49,5,SO,GST,5,15.0,,burned,41,SO-GST-05-2,1,20,I,SO-GST-05-2-1-20-I,2018-09-27,6,1
392,9,0,0,0,3,49,5,SO,GAT,CON,,,control,37,SO-GAT-CON-1,2,20,S,SO-GAT-CON-1-2-20-S,2018-09-24,12,2
393,21,0,0,0,0,50,5,CH,JCB,CON,,,control,6,CH-JCB-CON-3,2,10,S,CH-JCB-CON-3-2-10-S,2018-10-21,21,1
394,3,0,0,0,0,50,5,CP,,CON,,,control,32,MV-CON-2,2,20,I,MV-CON-2-2-2-20-I,2018-06-07,3,1
395,0,0,0,8,0,50,5,GB,OW,1,15.0,,burned,13,GB-OW-01-1,2,20,S,GB-OW-01-1-2-20-S,2018-06-26,8,1
396,0,11,0,0,0,50,5,SO,GST,5,15.0,,burned,40,SO-GST-05-1,1,10,I,SO-GST-05-1-1-10-I,2018-09-27,11,1
397,1,4,0,0,0,50,5,SO,GST,CON,,,control,45,SO-GST-CON-3,2,20,I,SO-GST-CON-3-2-20-I,2018-09-26,5,2
398,1,0,0,2,0,50,5,GB,OW,1,15.0,,burned,15,GB-OW-01-3,2,20,I,GB-OW-01-3-2-20-I,2018-06-26,3,2
399,2,3,0,0,0,50,5,SO,GAT,CON,,,control,38,SO-GAT-CON-2,3,20,I,SO-GAT-CON-2-3-20-I,2018-09-24,5,2
400,0,0,0,2,0,50,5,CP,,CON,,,control,32,MV-CON-2,1,20,S,MV-CON-2-1-1-20-S,2018-06-07,2,1
401,1,0,1,14,0,51,5,CP,,89,30.0,,burned,30,MV-89-3,3,20,S,MV-89-3-3-3-20-S,2018-06-07,16,3
402,1,1,0,0,0,51,5,GB,RAD,84,30.0,,burned,19,GB-RAD-84-1,1,20,I,GB-RAD-84-1-1-20-I,2018-06-23,2,2
403,6,0,0,0,0,51,5,CH,KNT,89,30.0,,burned,8,CH-KNT-89-2,2,20,I,CH-KNT-89-2-2-20-I,2018-10-22,6,1
404,5,0,0,1,0,51,5,CH,KNT,89,30.0,,burned,9,CH-KNT-89-3,1,10,S,CH-KNT-89-3-1-10-S,2018-10-22,6,2
405,17,8,0,0,1,51,5,SO,GST,CON,,,control,44,SO-GST-CON-2,1,20,S,SO-GST-CON-2-1-20-S,2018-09-25,26,3
406,20,0,0,0,0,51,5,CH,JCB,CON,,,control,4,CH-JCB-CON-1,1,20,I,CH-JCB-CON-1-1-20-I,2018-10-21,20,1
407,11,3,0,0,0,51,5,SO,GAT,80,30.0,,burned,35,SO-GAT-80-2,1,20,S,SO-GAT-80-2-1-20-S,2018-09-23,14,2
409,1,0,0,0,0,52,5,GB,RAD,CON,,,control,23,GB-RAD-CON-2,3,10,S,GB-RAD-CON-2-3-10-S,2018-06-23,1,1
410,7,0,0,0,0,52,5,CH,JCB,1,15.0,,burned,1,CH-JCB-01-1,3,10,S,CH-JCB-01-1-3-10-S,2018-10-20,7,1
411,3,0,0,0,0,52,5,CH,JCB,CON,,,control,5,CH-JCB-CON-2,1,20,I,CH-JCB-CON-2-1-20-I,2018-10-21,3,1
412,7,0,0,0,0,52,5,CH,JCB,1,15.0,,burned,3,CH-JCB-01-3,3,20,S,CH-JCB-01-3-3-20-S,2018-10-20,7,1
413,0,0,7,0,0,52,5,CP,,CON,,,control,31,MV-CON-1,3,20,S,MV-CON-1-3-3-20-S,2018-06-08,7,1
414,1,0,1,5,0,52,5,CP,,CON,,,control,31,MV-CON-1,1,20,I,MV-CON-1-1-1-20-I,2018-06-08,7,3
415,1,0,0,0,0,52,5,GB,OW,CON,,,control,17,GB-OW-CON-2,3,10,I,GB-OW-CON-2-3-10-I,2018-06-25,1,1
418,9,0,0,0,0,53,5,CH,KNT,89,30.0,,burned,9,CH-KNT-89-3,2,20,S,CH-KNT-89-3-2-20-S,2018-10-22,9,1
419,13,1,1,0,0,53,5,SO,GAT,80,30.0,,burned,36,SO-GAT-80-3,2,20,S,SO-GAT-80-3-2-20-S,2018-09-23,15,3
420,4,1,0,0,0,53,5,GB,RAD,84,30.0,,burned,19,GB-RAD-84-1,3,10,I,GB-RAD-84-1-3-10-I,2018-06-23,5,2
421,2,3,0,0,1,53,5,SO,GST,5,15.0,,burned,42,SO-GST-05-3,2,10,S,SO-GST-05-3-2-10-S,2018-09-26,6,3
422,0,0,0,2,0,53,5,GB,OW,1,15.0,,burned,15,GB-OW-01-3,1,10,S,GB-OW-01-3-1-10-S,2018-06-26,2,1
423,7,1,0,0,0,53,5,CH,KNT,89,30.0,,burned,8,CH-KNT-89-2,3,20,S,CH-KNT-89-2-3-20-S,2018-10-22,8,2
424,4,0,0,0,0,53,5,CH,JCB,CON,,,control,6,CH-JCB-CON-3,1,20,I,CH-JCB-CON-3-1-20-I,2018-10-21,4,1
425,22,2,0,0,0,54,6,SO,GAT,CON,,,control,38,SO-GAT-CON-2,1,20,S,SO-GAT-CON-2-1-20-S,2018-09-24,24,2
426,7,0,0,0,0,54,6,CH,KNT,CON,,,control,10,CH-KNT-CON-1,2,20,I,CH-KNT-CON-1-2-20-I,2018-10-24,7,1
427,2,1,0,9,0,54,6,GB,OW,1,15.0,,burned,14,GB-OW-01-2,2,10,I,GB-OW-01-2-2-10-I,2018-06-26,12,3
428,1,9,0,0,0,54,6,SO,GST,CON,,,control,43,SO-GST-CON-1,2,10,I,SO-GST-CON-1-2-10-I,2018-09-25,10,2
429,1,0,3,0,0,54,6,GB,RAD,84,30.0,,burned,21,GB-RAD-84-3,3,10,I,GB-RAD-84-3-3-10-I,2018-06-27,4,2
431,1,0,2,0,0,54,6,GB,RAD,CON,,,control,23,GB-RAD-CON-2,2,20,S,GB-RAD-CON-2-2-20-S,2018-06-23,3,2
432,4,0,0,0,0,54,6,CH,JCB,CON,,,control,4,CH-JCB-CON-1,1,10,I,CH-JCB-CON-1-1-10-I,2018-10-21,4,1
434,1,3,0,0,4,55,6,SO,GST,5,15.0,,burned,41,SO-GST-05-2,1,10,S,SO-GST-05-2-1-10-S,2018-09-27,8,3
435,13,0,0,0,0,55,6,CH,KNT,89,30.0,,burned,7,CH-KNT-89-1,1,20,I,CH-KNT-89-1-1-20-I,2018-10-22,13,1
437,1,0,0,0,0,55,6,SO,GAT,CON,,,control,39,SO-GAT-CON-3,1,20,I,SO-GAT-CON-3-1-20-I,2018-09-24,1,1
438,31,22,0,0,1,55,6,SO,GST,CON,,,control,44,SO-GST-CON-2,1,10,S,SO-GST-CON-2-1-10-S,2018-09-25,54,3
439,9,1,0,0,5,55,6,SO,GAT,80,30.0,,burned,36,SO-GAT-80-3,1,20,S,SO-GAT-80-3-1-20-S,2018-09-23,15,3
440,0,0,0,3,0,55,6,GB,OW,1,15.0,,burned,15,GB-OW-01-3,1,20,S,GB-OW-01-3-1-20-S,2018-06-26,3,1
442,5,0,0,0,0,56,6,GB,RAD,84,30.0,,burned,19,GB-RAD-84-1,1,10,S,GB-RAD-84-1-1-10-S,2018-06-23,5,1
443,0,0,1,0,0,56,6,CP,,CON,,,control,31,MV-CON-1,2,10,I,MV-CON-1-2-2-10-I,2018-06-08,1,1
444,4,0,0,0,0,56,6,CH,JCB,1,15.0,,burned,1,CH-JCB-01-1,2,10,I,CH-JCB-01-1-2-10-I,2018-10-20,4,1
446,1,0,0,0,0,56,6,CH,KNT,CON,,,control,12,CH-KNT-CON-3,1,10,S,CH-KNT-CON-3-1-10-S,2018-10-24,1,1
447,0,6,0,0,0,56,6,SO,GAT,CON,,,control,39,SO-GAT-CON-3,3,20,I,SO-GAT-CON-3-3-20-I,2018-09-24,6,1
448,5,0,0,0,0,56,6,CH,KNT,CON,,,control,12,CH-KNT-CON-3,3,10,S,CH-KNT-CON-3-3-10-S,2018-10-24,5,1
449,5,2,0,0,0,57,6,SO,GST,CON,,,control,43,SO-GST-CON-1,3,20,S,SO-GST-CON-1-3-20-S,2018-09-25,7,2
450,7,0,0,0,0,57,6,CH,JCB,1,15.0,,burned,2,CH-JCB-01-2,1,10,I,CH-JCB-01-2-1-10-I,2018-10-19,7,1
451,1,0,1,0,0,57,6,CP,,CON,,,control,32,MV-CON-2,1,10,I,MV-CON-2-1-1-10-I,2018-06-07,2,2
452,7,11,0,0,0,57,6,GB,RAD,CON,,,control,23,GB-RAD-CON-2,1,20,I,GB-RAD-CON-2-1-20-I,2018-06-23,18,2
453,0,0,0,1,0,57,6,CP,,CON,,,control,32,MV-CON-2,3,10,S,MV-CON-2-3-3-10-S,2018-06-07,1,1
454,1,1,0,16,0,57,6,GB,RAD,84,30.0,,burned,19,GB-RAD-84-1,2,10,I,GB-RAD-84-1-2-10-I,2018-06-23,18,3
455,10,2,1,0,0,57,6,SO,GAT,80,30.0,,burned,36,SO-GAT-80-3,2,10,S,SO-GAT-80-3-2-10-S,2018-09-23,13,3
456,13,29,0,3,0,57,6,GB,RAD,84,30.0,,burned,20,GB-RAD-84-2,2,10,I,GB-RAD-84-2-2-10-I,2018-06-23,45,3
457,0,0,1,11,0,58,6,CP,,CON,,,control,33,MV-CON-3,2,20,S,MV-CON-3-2-2-20-S,2018-06-07,12,2
458,5,0,0,0,0,58,6,CH,JCB,1,15.0,,burned,1,CH-JCB-01-1,3,10,I,CH-JCB-01-1-3-10-I,2018-10-20,5,1
459,4,6,0,0,0,58,6,SO,GST,CON,,,control,44,SO-GST-CON-2,2,10,I,SO-GST-CON-2-2-10-I,2018-09-25,10,2
460,14,0,0,0,0,58,6,CH,KNT,89,30.0,,burned,7,CH-KNT-89-1,1,20,S,CH-KNT-89-1-1-20-S,2018-10-22,14,1
461,3,2,0,0,0,58,6,SO,GAT,80,30.0,,burned,36,SO-GAT-80-3,2,10,I,SO-GAT-80-3-2-10-I,2018-09-23,5,2
462,3,0,0,0,0,58,6,SO,GAT,80,30.0,,burned,36,SO-GAT-80-3,3,10,I,SO-GAT-80-3-3-10-I,2018-09-23,3,1
463,2,4,0,0,2,58,6,SO,GST,CON,,,control,43,SO-GST-CON-1,2,10,S,SO-GST-CON-1-2-10-S,2018-09-25,8,3
464,1,0,3,8,0,58,6,CP,,89,30.0,,burned,29,MV-89-2,1,20,I,MV-89-2-1-1-20-I,2018-06-07,12,3
465,1,0,0,0,0,59,6,SO,GST,CON,,,control,45,SO-GST-CON-3,3,10,I,SO-GST-CON-3-3-10-I,2018-09-26,1,1
466,1,0,0,3,0,59,6,GB,OW,1,15.0,,burned,13,GB-OW-01-1,2,10,I,GB-OW-01-1-2-10-I,2018-06-26,4,2
467,0,0,2,1,0,59,6,CP,,0,15.0,,burned,26,MV-00-2,2,20,I,MV-00-2-2-2-20-I,2018-06-08,3,2
468,5,2,0,0,0,59,6,SO,GST,CON,,,control,45,SO-GST-CON-3,3,20,S,SO-GST-CON-3-3-20-S,2018-09-26,7,2
469,3,0,0,0,0,59,6,CH,KNT,89,30.0,,burned,9,CH-KNT-89-3,2,10,S,CH-KNT-89-3-2-10-S,2018-10-22,3,1
470,26,1,0,0,3,59,6,SO,GAT,80,30.0,,burned,35,SO-GAT-80-2,2,20,S,SO-GAT-80-2-2-20-S,2018-09-23,30,3
471,11,0,1,0,0,59,6,CH,JCB,CON,,,control,5,CH-JCB-CON-2,1,10,S,CH-JCB-CON-2-1-10-S,2018-10-21,12,2
474,1,0,0,1,0,60,5,GB,OW,1,15.0,,burned,13,GB-OW-01-1,3,10,I,GB-OW-01-1-3-10-I,2018-06-26,2,2
475,1,4,0,1,0,60,5,GB,RAD,CON,,,control,23,GB-RAD-CON-2,1,20,S,GB-RAD-CON-2-1-20-S,2018-06-23,6,3
478,10,1,0,0,0,60,5,CH,KNT,CON,,,control,11,CH-KNT-CON-2,2,20,S,CH-KNT-CON-2-2-20-S,2018-10-24,11,2
480,0,0,1,0,0,60,5,CP,,0,15.0,,burned,25,MV-00-1,2,20,I,MV-00-1-2-2-20-I,2018-06-08,1,1
481,0,1,0,0,0,61,5,CP,,0,15.0,,burned,27,MV-00-3,3,20,I,MV-00-3-3-3-20-I,2018-06-08,1,1
482,24,1,0,0,0,61,5,CH,KNT,CON,,,control,10,CH-KNT-CON-1,1,10,S,CH-KNT-CON-1-1-10-S,2018-10-24,25,2
483,1,1,0,0,0,61,5,SO,GST,5,15.0,,burned,40,SO-GST-05-1,3,10,I,SO-GST-05-1-3-10-I,2018-09-27,2,2
485,1,0,0,0,0,61,5,GB,OW,1,15.0,,burned,14,GB-OW-01-2,3,10,I,GB-OW-01-2-3-10-I,2018-06-26,1,1
486,14,17,0,0,0,61,5,SO,GAT,CON,,,control,39,SO-GAT-CON-3,2,20,I,SO-GAT-CON-3-2-20-I,2018-09-24,31,2
487,7,0,0,0,0,61,5,CH,KNT,89,30.0,,burned,7,CH-KNT-89-1,2,20,I,CH-KNT-89-1-2-20-I,2018-10-22,7,1
488,0,3,0,0,1,61,5,SO,GST,5,15.0,,burned,40,SO-GST-05-1,3,20,S,SO-GST-05-1-3-20-S,2018-09-27,4,2
489,1,31,0,0,0,62,5,SO,GST,5,15.0,,burned,40,SO-GST-05-1,2,20,I,SO-GST-05-1-2-20-I,2018-09-27,32,2
490,4,0,0,0,0,62,5,CH,KNT,89,30.0,,burned,8,CH-KNT-89-2,2,10,S,CH-KNT-89-2-2-10-S,2018-10-22,4,1
491,11,4,0,0,0,62,5,GB,RAD,84,30.0,,burned,19,GB-RAD-84-1,3,10,S,GB-RAD-84-1-3-10-S,2018-06-23,15,2
492,2,16,0,0,0,62,5,SO,GST,CON,,,control,44,SO-GST-CON-2,1,10,I,SO-GST-CON-2-1-10-I,2018-09-25,18,2
494,1,0,0,0,0,62,5,GB,OW,CON,,,control,17,GB-OW-CON-2,3,20,S,GB-OW-CON-2-3-20-S,2018-06-25,1,1
495,54,36,3,0,2,62,5,SO,GST,5,15.0,,burned,42,SO-GST-05-3,1,20,S,SO-GST-05-3-1-20-S,2018-09-26,95,4
496,12,9,0,0,0,62,5,SO,GAT,CON,,,control,39,SO-GAT-CON-3,3,10,I,SO-GAT-CON-3-3-10-I,2018-09-24,21,2
497,6,17,0,1,0,63,5,GB,RAD,CON,,,control,22,GB-RAD-CON-1,1,10,I,GB-RAD-CON-1-1-10-I,2018-06-23,24,3
498,4,0,0,0,1,63,5,SO,GAT,CON,,,control,38,SO-GAT-CON-2,3,10,S,SO-GAT-CON-2-3-10-S,2018-09-24,5,2
499,4,1,0,0,0,63,5,GB,RAD,CON,,,control,22,GB-RAD-CON-1,3,20,S,GB-RAD-CON-1-3-20-S,2018-06-23,5,2
500,1,1,4,0,0,63,5,CP,,89,30.0,,burned,29,MV-89-2,3,20,S,MV-89-2-3-3-20-S,2018-06-07,6,3
501,10,0,0,0,0,63,5,CH,KNT,CON,,,control,11,CH-KNT-CON-2,1,20,S,CH-KNT-CON-2-1-20-S,2018-10-24,10,1
502,1,66,0,0,0,63,5,SO,GST,CON,,,control,43,SO-GST-CON-1,1,20,I,SO-GST-CON-1-1-20-I,2018-09-25,67,2
503,23,0,1,0,0,63,5,CH,JCB,CON,,,control,4,CH-JCB-CON-1,3,20,S,CH-JCB-CON-1-3-20-S,2018-10-21,24,2
504,2,0,0,0,0,63,5,CH,KNT,CON,,,control,12,CH-KNT-CON-3,1,10,I,CH-KNT-CON-3-1-10-I,2018-10-24,2,1
505,0,0,0,1,0,64,5,CP,,0,15.0,,burned,27,MV-00-3,2,10,S,MV-00-3-2-2-10-S,2018-06-08,1,1
506,3,1,0,0,0,64,5,SO,GST,CON,,,control,44,SO-GST-CON-2,3,10,I,SO-GST-CON-2-3-10-I,2018-09-25,4,2
507,0,5,0,2,0,64,5,GB,RAD,84,30.0,,burned,21,GB-RAD-84-3,1,10,S,GB-RAD-84-3-1-10-S,2018-06-27,7,2
508,12,0,0,0,0,64,5,CH,JCB,1,15.0,,burned,2,CH-JCB-01-2,2,10,S,CH-JCB-01-2-2-10-S,2018-10-19,12,1
509,3,10,0,0,0,64,5,SO,GST,CON,,,control,45,SO-GST-CON-3,3,10,S,SO-GST-CON-3-3-10-S,2018-09-26,13,2
512,19,1,0,0,0,64,5,SO,GAT,80,30.0,,burned,34,SO-GAT-80-1,1,10,I,SO-GAT-80-1-1-10-I,2018-09-23,20,2
513,0,0,0,0,2,65,5,SO,GST,5,15.0,,burned,42,SO-GST-05-3,3,20,S,SO-GST-05-3-3-20-S,2018-09-26,2,1
514,9,1,0,0,0,65,5,CH,JCB,1,15.0,,burned,2,CH-JCB-01-2,2,10,I,CH-JCB-01-2-2-10-I,2018-10-19,10,2
515,0,0,1,4,0,65,5,CP,,89,30.0,,burned,30,MV-89-3,1,10,I,MV-89-3-1-1-10-I,2018-06-07,5,2
517,9,0,0,0,0,65,5,CH,KNT,89,30.0,,burned,8,CH-KNT-89-2,1,20,I,CH-KNT-89-2-1-20-I,2018-10-22,9,1
518,5,0,0,0,0,65,5,CH,KNT,CON,,,control,11,CH-KNT-CON-2,3,10,I,CH-KNT-CON-2-3-10-I,2018-10-24,5,1
519,6,0,6,1,0,65,5,CP,,CON,,,control,31,MV-CON-1,2,20,S,MV-CON-1-2-2-20-S,2018-06-08,13,3
520,20,0,0,0,0,65,5,CH,KNT,89,30.0,,burned,7,CH-KNT-89-1,3,20,S,CH-KNT-89-1-3-20-S,2018-10-22,20,1
521,5,1,0,0,0,66,6,GB,RAD,CON,,,control,24,GB-RAD-CON-3,1,20,I,GB-RAD-CON-3-1-20-I,2018-06-24,6,2
522,31,1,0,0,0,66,6,SO,GAT,80,30.0,,burned,34,SO-GAT-80-1,2,20,I,SO-GAT-80-1-2-20-I,2018-09-23,32,2
523,1,0,1,0,0,66,6,CP,,0,15.0,,burned,27,MV-00-3,3,20,S,MV-00-3-3-3-20-S,2018-06-08,2,2
524,2,98,0,0,0,66,6,SO,GST,5,15.0,,burned,41,SO-GST-05-2,2,10,I,SO-GST-05-2-2-10-I,2018-09-27,100,2
525,2,0,0,0,0,66,6,CH,KNT,CON,,,control,10,CH-KNT-CON-1,1,20,I,CH-KNT-CON-1-1-20-I,2018-10-24,2,1
526,0,1,0,1,0,66,6,GB,OW,1,15.0,,burned,15,GB-OW-01-3,3,10,S,GB-OW-01-3-3-10-S,2018-06-26,2,2
527,4,5,1,2,0,66,6,GB,RAD,84,30.0,,burned,21,GB-RAD-84-3,2,10,S,GB-RAD-84-3-2-10-S,2018-06-27,12,4
528,17,4,0,0,0,66,6,SO,GST,CON,,,control,45,SO-GST-CON-3,1,20,S,SO-GST-CON-3-1-20-S,2018-09-26,21,2
529,3,0,0,0,0,67,6,CH,KNT,CON,,,control,11,CH-KNT-CON-2,2,20,I,CH-KNT-CON-2-2-20-I,2018-10-24,3,1
530,0,0,0,4,0,67,6,GB,OW,1,15.0,,burned,13,GB-OW-01-1,1,20,I,GB-OW-01-1-1-20-I,2018-06-26,4,1
531,1,0,0,0,0,67,6,CH,JCB,1,15.0,,burned,3,CH-JCB-01-3,1,10,I,CH-JCB-01-3-1-10-I,2018-10-20,1,1
532,2,0,0,0,0,67,6,CH,JCB,CON,,,control,6,CH-JCB-CON-3,3,10,I,CH-JCB-CON-3-3-10-I,2018-10-21,2,1
533,0,0,0,6,0,67,6,CP,,89,30.0,,burned,30,MV-89-3,2,20,I,MV-89-3-2-2-20-I,2018-06-07,6,1
534,13,0,0,0,0,67,6,CH,JCB,1,15.0,,burned,1,CH-JCB-01-1,3,20,S,CH-JCB-01-1-3-20-S,2018-10-20,13,1
536,5,0,0,0,0,67,6,CH,KNT,CON,,,control,12,CH-KNT-CON-3,2,10,S,CH-KNT-CON-3-2-10-S,2018-10-24,5,1
537,1,1,0,0,4,68,6,SO,GST,5,15.0,,burned,42,SO-GST-05-3,3,10,S,SO-GST-05-3-3-10-S,2018-09-26,6,3
538,17,0,0,2,0,68,6,CH,KNT,CON,,,control,10,CH-KNT-CON-1,2,20,S,CH-KNT-CON-1-2-20-S,2018-10-24,19,2
539,3,0,0,0,0,68,6,GB,OW,1,15.0,,burned,14,GB-OW-01-2,1,10,I,GB-OW-01-2-1-10-I,2018-06-26,3,1
540,2,10,0,0,0,68,6,GB,RAD,84,30.0,,burned,21,GB-RAD-84-3,1,20,S,GB-RAD-84-3-1-20-S,2018-06-27,12,2
